Participant,Stimulus_Name,Valence,Arousal,IBI RMSSD,IBI SDNN
group33_v5_10,A1_LP,0.212979,-0.176462,94.90545401,52.22928106
group33_v5_10,A2_LP,0.254343,-0.055548,56.20115066,33.77268841
group33_v5_10,A3_LP,0.181181,0.225131,94.82886175,75.56571942
group33_v5_10,A4_LP,0.257238,-0.061238,109.7000379,69.79215252
group33_v5_10,A_HN,-0.349531,0.100043,190.2468072,74.09907443
group33_v5_10,B_HN,-0.398862,0.184648,71.35878287,41.52025723
group33_v5_10,C_LN,-0.17898,-0.270629,54.40776671,35.29486562
group33_v5_10,F_HN,-0.173052,0.304583,121.462213,79.85957062
group33_v5_10,G_HP,0.206703,0.290404,94.72152854,63.46905004
group33_v5_10,H_HP,0.233916,0.32599,82.67972847,62.97649991
group33_v5_10,J_Ne,0.081014,-0.265172,111.1890731,52.35749601
group33_v5_10,K_Ne,0.057969,-0.30365,113.6174967,82.49496907
group33_v5_10,M_LN,-0.23871,-0.16823,63.83784483,35.75594899
group33_v5_10,N_LN,-0.276577,-0.1159,106.9612124,77.43717274
group33_v5_10,O_LN,-0.202905,-0.262467,87.47732686,50.69666935
group33_v5_10,P_HP,0.205452,0.320557,69.76785586,51.67483029
group33_v5_10,Q_HP,0.243967,0.317269,132.1213635,93.09668194
group33_v5_10,U_Ne,0.129812,-0.230285,79.6721799,39.49063842
group33_v5_10,V_Ne,0.088703,-0.246889,98.75939433,48.66378594
group33_v5_10,W_HN,-0.334685,0.08787,101.3368888,58.59013299
group33_v5_11,A1_LP,0.165528,-0.290194,60.00895116,24.70529422
group33_v5_11,A2_LP,0.197676,-0.09135,28.99877272,15.81672496
group33_v5_11,A3_LP,0.140814,0.370231,30.42531626,20.87398378
group33_v5_11,A4_LP,0.199926,-0.100707,95.12340361,48.1594844
group33_v5_11,A_HN,-0.271656,0.164521,31.14130402,18.33221535
group33_v5_11,B_HN,-0.309996,0.303655,39.23572701,24.82699591
group33_v5_11,C_LN,-0.139104,-0.445052,42.11993046,25.74834811
group33_v5_11,F_HN,-0.134496,0.500889,33.79688377,21.98405759
group33_v5_11,G_HP,0.16065,0.477573,63.50910624,38.9919067
group33_v5_11,H_HP,0.1818,0.536095,52.64025165,31.48350262
group33_v5_11,J_Ne,0.062964,-0.436078,21.46014905,12.0529565
group33_v5_11,K_Ne,0.045054,-0.499355,39.3737599,31.63821364
group33_v5_11,M_LN,-0.185526,-0.276657,43.93446047,21.90201318
group33_v5_11,N_LN,-0.214956,-0.1906,26.53774299,15.36864405
group33_v5_11,O_LN,-0.157698,-0.431629,30.97754493,18.64299618
group33_v5_11,P_HP,0.159678,0.527159,49.75253431,18.93873631
group33_v5_11,Q_HP,0.189612,0.521752,50.80270838,27.96866984
group33_v5_11,U_Ne,0.10089,-0.378706,35.1128204,18.75
group33_v5_11,V_Ne,0.06894,-0.406011,46.94005902,31.10317068
group33_v5_11,W_HN,-0.260118,0.144503,26.98801335,16.50310366
group33_v5_12,A1_LP,0.175184,-0.207184,82.63357735,61.07225435
group33_v5_12,A2_LP,0.209207,-0.065219,63.87985724,31.0901524
group33_v5_12,A3_LP,0.149028,0.264327,122.2849675,65.10091138
group33_v5_12,A4_LP,0.211588,-0.0719,82.26343628,52.32589189
group33_v5_12,A_HN,-0.287503,0.11746,118.5559975,72.57039378
group33_v5_12,B_HN,-0.328079,0.216795,126.0938468,91.0434693
group33_v5_12,C_LN,-0.147218,-0.317745,93.42391206,60.216165
group33_v5_12,F_HN,-0.142342,0.35761,66.13763073,51.36219511
group33_v5_12,G_HP,0.170021,0.340963,61.92771849,33.50177169
group33_v5_12,H_HP,0.192405,0.382745,22.77715584,13.99724443
group33_v5_12,J_Ne,0.066637,-0.311338,138.5663845,55.52969437
group33_v5_12,K_Ne,0.047682,-0.356515,105.2515124,65.94508991
group33_v5_12,M_LN,-0.196348,-0.197519,60.12619441,37.65492836
group33_v5_12,N_LN,-0.227495,-0.136079,72.57039378,52.3840701
group33_v5_12,O_LN,-0.166897,-0.308162,52.95306303,36.7302228
group33_v5_12,P_HP,0.168993,0.376365,72.2392266,31.84013105
group33_v5_12,Q_HP,0.200673,0.372505,160.8421181,61.93945056
group33_v5_12,U_Ne,0.106775,-0.270377,79.48042949,49.10080113
group33_v5_12,V_Ne,0.072961,-0.289872,80.65112395,44.94872894
group33_v5_12,W_HN,-0.275292,0.103168,36.59178515,22.56155284
group33_v5_13,A1_LP,0.181805,-0.229734,145.3628945,100.8508723
group33_v5_13,A2_LP,0.217114,-0.072318,143.8009421,65.28932005
group33_v5_13,A3_LP,0.154661,0.293095,135.8416808,93.06025201
group33_v5_13,A4_LP,0.219585,-0.079725,132.4289806,90.84772678
group33_v5_13,A_HN,-0.298369,0.130244,136.5991186,75.49792199
group33_v5_13,B_HN,-0.340479,0.24039,82.26343628,44.26963655
group33_v5_13,C_LN,-0.152783,-0.352328,127.3701085,87.88975694
group33_v5_13,F_HN,-0.147721,0.396532,157.9152335,90.42245134
group33_v5_13,G_HP,0.176447,0.378073,61.96056268,33.15483621
group33_v5_13,H_HP,0.199677,0.424402,178.6899718,48.87832241
group33_v5_13,J_Ne,0.069155,-0.345224,119.5933594,75.33602067
group33_v5_13,K_Ne,0.049484,-0.395318,79.6721799,56.42334402
group33_v5_13,M_LN,-0.203769,-0.219017,166.0347722,89.64118502
group33_v5_13,N_LN,-0.236093,-0.150889,101.795939,35.28194693
group33_v5_13,O_LN,-0.173205,-0.341702,104.4791986,61.12106796
group33_v5_13,P_HP,0.17538,0.417329,83.73924579,46.79455546
group33_v5_13,Q_HP,0.208257,0.413048,147.695514,76.13079822
group33_v5_13,U_Ne,0.110811,-0.299805,131.2406991,52.43113042
group33_v5_13,V_Ne,0.075719,-0.321421,137.1088186,85.20193012
group33_v5_13,W_HN,-0.285696,0.114396,57.50648432,35.22612718
group33_v5_14,A1_LP,0.15109,-0.280736,0,0
group33_v5_14,A2_LP,0.180434,-0.088372,0,0
group33_v5_14,A3_LP,0.128532,0.358163,23.4375,0
group33_v5_14,A4_LP,0.182488,-0.097425,23.4375,0
group33_v5_14,A_HN,-0.247962,0.159159,0,0
group33_v5_14,B_HN,-0.282957,0.293758,84.32434822,19.53125
group33_v5_14,C_LN,-0.126971,-0.430546,177.0354562,142.1896463
group33_v5_14,F_HN,-0.122765,0.484563,23.4375,0
group33_v5_14,G_HP,0.146638,0.462006,32.4813219,22.48821616
group33_v5_14,H_HP,0.165943,0.518621,0,0
group33_v5_14,J_Ne,0.057472,-0.421864,31.41233875,19.35686035
group33_v5_14,K_Ne,0.041124,-0.483079,7.8125,0
group33_v5_14,M_LN,-0.169344,-0.267639,0,0
group33_v5_14,N_LN,-0.196207,-0.184387,93.75,0
group33_v5_14,O_LN,-0.143943,-0.417561,112.9890268,68.51730269
group33_v5_14,P_HP,0.145751,0.509977,55.05826696,6.378879538
group33_v5_14,Q_HP,0.173074,0.504745,0,0
group33_v5_14,U_Ne,0.09209,-0.366363,0,0
group33_v5_14,V_Ne,0.062927,-0.392778,349.1234839,226.5625
group33_v5_14,W_HN,-0.23743,0.139793,66.75002926,23.4375
group33_v5_3,A1_LP,0.443891,-0.008929,44.25690512,23.27552501
group33_v5_3,A2_LP,0.530101,-0.002811,31.73452502,21.3954124
group33_v5_3,A3_LP,0.377616,0.011392,31.80314029,17.14541462
group33_v5_3,A4_LP,0.536135,-0.003099,25.57240901,17.14541462
group33_v5_3,A_HN,-0.728491,0.005062,19.29545162,10.15625
group33_v5_3,B_HN,-0.831306,0.009343,37.30417621,24.50685491
group33_v5_3,C_LN,-0.373031,-0.013694,40.64502711,19.94186429
group33_v5_3,F_HN,-0.360673,0.015412,29.11546846,19.4103123
group33_v5_3,G_HP,0.43081,0.014695,34.49906588,26.4614602
group33_v5_3,H_HP,0.487527,0.016495,40.67004714,25.06096083
group33_v5_3,J_Ne,0.168848,-0.013418,39.0625,26.0373619
group33_v5_3,K_Ne,0.12082,-0.015365,34.6461841,19.48779889
group33_v5_3,M_LN,-0.497519,-0.008513,39.94537984,28.58537606
group33_v5_3,N_LN,-0.57644,-0.005865,44.19417382,32.40737683
group33_v5_3,O_LN,-0.422893,-0.013281,39.75087896,24.5676592
group33_v5_3,P_HP,0.428203,0.01622,43.49815908,27.88942318
group33_v5_3,Q_HP,0.508476,0.016054,31.66576107,18.54157112
group33_v5_3,U_Ne,0.270553,-0.011652,37.38589411,25.49557636
group33_v5_3,V_Ne,0.184874,-0.012493,22.99937726,16.8769289
group33_v5_3,W_HN,-0.69755,0.004446,19.6000626,13.46123025
group33_v5_4,A1_LP,0.216106,-0.214297,69.73139499,35.70653438
group33_v5_4,A2_LP,0.258077,-0.067458,99.85799243,63.40139781
group33_v5_4,A3_LP,0.18384,0.273401,37.26325006,16.91455867
group33_v5_4,A4_LP,0.261014,-0.074368,192.0985567,125.6428781
group33_v5_4,A_HN,-0.354662,0.121493,150.5131738,77.70067056
group33_v5_4,B_HN,-0.404717,0.224238,67.12994143,32.75975423
group33_v5_4,C_LN,-0.181608,-0.328654,188.3480532,66.50687955
group33_v5_4,F_HN,-0.175592,0.369888,96.6352881,48.28863315
group33_v5_4,G_HP,0.209737,0.352669,110.3626047,52.22780888
group33_v5_4,H_HP,0.23735,0.395885,138.1067932,85.98680719
group33_v5_4,J_Ne,0.082203,-0.322027,62.98638866,27.99395051
group33_v5_4,K_Ne,0.058821,-0.368755,82.58740044,51.63790651
group33_v5_4,M_LN,-0.242214,-0.2043,179.6632359,92.50609725
group33_v5_4,N_LN,-0.280637,-0.14075,87.44164044,59.6675454
group33_v5_4,O_LN,-0.205883,-0.318742,104.2735687,65.07758811
group33_v5_4,P_HP,0.208469,0.389287,77.38911233,34.37444513
group33_v5_4,Q_HP,0.247549,0.385294,226.5625,0
group33_v5_4,U_Ne,0.131717,-0.27966,101.2615734,55.98897771
group33_v5_4,V_Ne,0.090005,-0.299824,90.51118332,63.76516553
group33_v5_4,W_HN,-0.339598,0.10671,195.6247504,134.8277109
group33_v5_5,A1_LP,0.469732,-0.124326,66.23369124,38.75612272
group33_v5_5,A2_LP,0.560961,-0.039136,43.59827005,27.92409822
group33_v5_5,A3_LP,0.399599,0.158615,41.462717,17.12623234
group33_v5_5,A4_LP,0.567346,-0.043145,39.0625,25.83741515
group33_v5_5,A_HN,-0.770899,0.070485,33.31261193,19.52802143
group33_v5_5,B_HN,-0.8797,0.130093,37.2222789,25.25504668
group33_v5_5,C_LN,-0.394746,-0.19067,31.95812283,22.79798815
group33_v5_5,F_HN,-0.38167,0.214592,32.34682309,18.1340143
group33_v5_5,G_HP,0.455889,0.204603,38.63401355,29.57480513
group33_v5_5,H_HP,0.515908,0.229675,45.25559166,24.27453377
group33_v5_5,J_Ne,0.178678,-0.186826,21.10821263,15.00732243
group33_v5_5,K_Ne,0.127853,-0.213935,46.96791387,22.37716256
group33_v5_5,M_LN,-0.526482,-0.118526,68.52821848,39.40432189
group33_v5_5,N_LN,-0.609997,-0.081657,40.53224588,25.00372965
group33_v5_5,O_LN,-0.447512,-0.18492,46.68312445,22.50430983
group33_v5_5,P_HP,0.453131,0.225847,37.2222789,18.96040797
group33_v5_5,Q_HP,0.538077,0.22353,26.30079411,16.05316147
group33_v5_5,U_Ne,0.286303,-0.162246,32.11688249,16.84676457
group33_v5_5,V_Ne,0.195636,-0.173944,24.29004962,13.83452904
group33_v5_5,W_HN,-0.738157,0.061908,26.03481269,14.24383888
group33_v5_6,A1_LP,0.034025,-0.19084,16.8769289,9.587986994
group33_v5_6,A2_LP,0.040633,-0.060074,28.30347021,10.28872437
group33_v5_6,A3_LP,0.028945,0.243474,22.25000975,9.820927516
group33_v5_6,A4_LP,0.041096,-0.066228,14.61584917,8.734640537
group33_v5_6,A_HN,-0.05584,0.108194,23.69648576,14.4900289
group33_v5_6,B_HN,-0.063721,0.199692,14.26360827,8.13150781
group33_v5_6,C_LN,-0.028594,-0.292678,22.77715584,11.71875
group33_v5_6,F_HN,-0.027646,0.329398,22.2347648,13.09613642
group33_v5_6,G_HP,0.033022,0.314065,24.29004962,14.7865308
group33_v5_6,H_HP,0.03737,0.35255,19.91804497,12.35264711
group33_v5_6,J_Ne,0.012943,-0.286777,27.73162398,17.69300807
group33_v5_6,K_Ne,0.009261,-0.32839,35.58763117,20.2032821
group33_v5_6,M_LN,-0.038136,-0.181937,17.97574193,11.53483492
group33_v5_6,N_LN,-0.044185,-0.125343,18.70654687,10.2856342
group33_v5_6,O_LN,-0.032416,-0.283851,18.69665708,10.26763657
group33_v5_6,P_HP,0.032823,0.346674,26.97641309,18.28740872
group33_v5_6,Q_HP,0.038976,0.343118,16.01086057,10.00488162
group33_v5_6,U_Ne,0.020738,-0.249048,26.26208799,17.5564102
group33_v5_6,V_Ne,0.014171,-0.267004,33.78398174,19.84128922
group33_v5_6,W_HN,-0.053469,0.095029,22.74186975,16.12555226
group33_v5_7,A1_LP,0.05913,-0.235409,0,0
group33_v5_7,A2_LP,0.070614,-0.074104,136.662935,70.3125
group33_v5_7,A3_LP,0.050302,0.300336,54.6875,0
group33_v5_7,A4_LP,0.071418,-0.081695,218.75,0
group33_v5_7,A_HN,-0.097042,0.133462,128.965422,74.21875
group33_v5_7,B_HN,-0.110737,0.246329,47.09151385,16.05316147
group33_v5_7,C_LN,-0.049691,-0.361032,156.25,0
group33_v5_7,F_HN,-0.048045,0.406328,62.5,0
group33_v5_7,G_HP,0.057388,0.387413,62.5,0
group33_v5_7,H_HP,0.064943,0.434887,132.8125,0
group33_v5_7,J_Ne,0.022492,-0.353752,273.6606233,105.2676194
group33_v5_7,K_Ne,0.016094,-0.405083,0,0
group33_v5_7,M_LN,-0.066274,-0.224428,139.2437957,41.82911043
group33_v5_7,N_LN,-0.076787,-0.154617,62.98638866,31.25
group33_v5_7,O_LN,-0.056333,-0.350143,69.43901889,35.13212907
group33_v5_7,P_HP,0.057041,0.427638,195.9365032,15.625
group33_v5_7,Q_HP,0.067734,0.423252,15.625,0
group33_v5_7,U_Ne,0.03604,-0.307211,7.8125,0
group33_v5_7,V_Ne,0.024627,-0.329362,0,0
group33_v5_7,W_HN,-0.09292,0.117222,31.73452502,16.10588135
group33_v5_8,A1_LP,0.399106,-0.35633,29.36190699,16.31180966
group33_v5_8,A2_LP,0.476619,-0.112168,40.68880206,27.18634943
group33_v5_8,A3_LP,0.339518,0.454607,113.9527511,55.34620045
group33_v5_8,A4_LP,0.482044,-0.123658,54.75721003,35.14268401
group33_v5_8,A_HN,-0.654993,0.202016,29.32645287,17.62737734
group33_v5_8,B_HN,-0.747435,0.372859,76.98825781,58.24387568
group33_v5_8,C_LN,-0.335395,-0.546479,18.32193656,10.74041179
group33_v5_8,F_HN,-0.324285,0.615042,54.40776671,43.5954923
group33_v5_8,G_HP,0.387345,0.586412,41.73172005,25.10827249
group33_v5_8,H_HP,0.43834,0.658271,33.14563037,20.50522884
group33_v5_8,J_Ne,0.151813,-0.53546,41.95053045,18.27561048
group33_v5_8,K_Ne,0.10863,-0.613159,52.9229204,37.51767845
group33_v5_8,M_LN,-0.447324,-0.339707,16.10588135,10.31443979
group33_v5_8,N_LN,-0.518283,-0.234037,53.24810269,37.66214086
group33_v5_8,O_LN,-0.380227,-0.529998,43.69260869,35.40187685
group33_v5_8,P_HP,0.385001,0.647299,84.00708269,64.59353787
group33_v5_8,Q_HP,0.457176,0.640659,30.11325349,13.75985269
group33_v5_8,U_Ne,0.243257,-0.465014,27.62135864,16.52158534
group33_v5_8,V_Ne,0.166222,-0.498542,22.48821616,16.17341155
group33_v5_8,W_HN,-0.627173,0.177435,130.1979162,109.9118768
group33_v5_9,A1_LP,0.312388,-0.157999,37.11671685,20.02718576
group33_v5_9,A2_LP,0.373059,-0.049736,59.83919423,29.46278255
group33_v5_9,A3_LP,0.265747,0.201576,88.42670232,59.83919423
group33_v5_9,A4_LP,0.377305,-0.054831,49.27314565,19.75660881
group33_v5_9,A_HN,-0.512675,0.089575,58.11435834,36.60272334
group33_v5_9,B_HN,-0.585031,0.165328,30.95564493,22.65625
group33_v5_9,C_LN,-0.26252,-0.242312,73.12741408,54.5718081
group33_v5_9,F_HN,-0.253824,0.272714,48.23862904,26.90425257
group33_v5_9,G_HP,0.303182,0.260019,43.21661464,22.36553183
group33_v5_9,H_HP,0.343097,0.291882,63.03482111,32.67269323
group33_v5_9,J_Ne,0.118827,-0.237426,90.53740379,38.31312449
group33_v5_9,K_Ne,0.085027,-0.271878,71.51745307,31.7921718
group33_v5_9,M_LN,-0.350129,-0.150628,83.04801416,54.6875
group33_v5_9,N_LN,-0.40567,-0.103774,49.15256794,28.96220888
group33_v5_9,O_LN,-0.297611,-0.235004,83.57458162,44.40675701
group33_v5_9,P_HP,0.301348,0.287016,56.74155877,34.66452998
group33_v5_9,Q_HP,0.35784,0.284072,47.09151385,29.80604985
group33_v5_9,U_Ne,0.190402,-0.20619,49.41058844,35.15357071
group33_v5_9,V_Ne,0.130105,-0.221057,52.49096436,30.92947871
group33_v5_9,W_HN,-0.4909,0.078676,57.06492006,34.44545901
group_33_v1_1,A1_LP,0.002483,-0.248122,28.43792926,12.80749712
group_33_v1_1,A2_LP,0.002965,-0.078106,43.29724273,36.40514828
group_33_v1_1,A3_LP,0.002112,0.316555,49.77978851,28.768676
group_33_v1_1,A4_LP,0.002999,-0.086107,222.4848573,168.4748915
group_33_v1_1,A_HN,-0.004075,0.140669,29.57764763,18.04219591
group_33_v1_1,B_HN,-0.00465,0.259631,50.78125,31.64759011
group_33_v1_1,C_LN,-0.002087,-0.380528,25.70244753,14.61946114
group_33_v1_1,F_HN,-0.002017,0.42827,77.5368486,50.78125
group_33_v1_1,G_HP,0.00241,0.408334,55.13212114,34.21680772
group_33_v1_1,H_HP,0.002727,0.458371,54.6875,18.22172467
group_33_v1_1,J_Ne,0.000944,-0.372855,44.15579416,30.7547808
group_33_v1_1,K_Ne,0.000676,-0.426959,81.93819126,50.59310096
group_33_v1_1,M_LN,-0.002783,-0.236547,110.9518883,93.26721722
group_33_v1_1,N_LN,-0.003224,-0.162966,40.4760681,22.39350132
group_33_v1_1,O_LN,-0.002365,-0.369051,311.1298086,195.3125
group_33_v1_1,P_HP,0.002395,0.450731,29.23169833,23.35597801
group_33_v1_1,Q_HP,0.002844,0.446108,21.10821263,13.28125
group_33_v1_1,U_Ne,0.001513,-0.323801,0,0
group_33_v1_1,V_Ne,0.001034,-0.347148,148.3552404,123.0908899
group_33_v1_1,W_HN,-0.003902,0.123553,39.45119117,22.28807652
group_33_v1_10,A1_LP,0.095363,-0.259699,46.43894401,20.50522884
group_33_v1_10,A2_LP,0.113883,-0.08175,265.625,0
group_33_v1_10,A3_LP,0.081125,0.331325,17.46928107,7.8125
group_33_v1_10,A4_LP,0.11518,-0.090124,17.46928107,7.8125
group_33_v1_10,A_HN,-0.156504,0.147233,82.67972847,38.97559778
group_33_v1_10,B_HN,-0.178592,0.271746,0,0
group_33_v1_10,C_LN,-0.080139,-0.398284,45.66582791,32.0270153
group_33_v1_10,F_HN,-0.077485,0.448254,32.2117627,7.8125
group_33_v1_10,G_HP,0.092552,0.427387,72.02769107,46.875
group_33_v1_10,H_HP,0.104737,0.479759,54.6875,0
group_33_v1_10,J_Ne,0.036274,-0.390253,84.50510802,46.875
group_33_v1_10,K_Ne,0.025956,-0.446881,0,0
group_33_v1_10,M_LN,-0.106884,-0.247584,94.39879667,39.0625
group_33_v1_10,N_LN,-0.123839,-0.17057,38.38701679,23.78044169
group_33_v1_10,O_LN,-0.090852,-0.386272,141.05836,105.3963872
group_33_v1_10,P_HP,0.091992,0.471763,70.96055517,33.60283307
group_33_v1_10,Q_HP,0.109238,0.466924,0,0
group_33_v1_10,U_Ne,0.058124,-0.33891,203.125,0
group_33_v1_10,V_Ne,0.039717,-0.363346,67.99568432,30.94331937
group_33_v1_10,W_HN,-0.149857,0.129318,77.43838907,52.80666342
group_33_v1_11,A1_LP,0.241027,-0.180776,36.75474743,19.34809961
group_33_v1_11,A2_LP,0.287838,-0.056906,50.63078671,24.5676592
group_33_v1_11,A3_LP,0.205041,0.230634,0,0
group_33_v1_11,A4_LP,0.291114,-0.062735,20.91455521,15.24049468
group_33_v1_11,A_HN,-0.395561,0.102488,52.11587525,11.71875
group_33_v1_11,B_HN,-0.451389,0.189161,31.25,0
group_33_v1_11,C_LN,-0.202551,-0.277243,29.23169833,15.44828705
group_33_v1_11,F_HN,-0.195841,0.312027,99.76685562,85.33653846
group_33_v1_11,G_HP,0.233924,0.297502,168.6939288,123.2017874
group_33_v1_11,H_HP,0.264721,0.333958,28.30347021,19.50682066
group_33_v1_11,J_Ne,0.091683,-0.271653,40.74501503,15.93443598
group_33_v1_11,K_Ne,0.065604,-0.311072,49.41058844,19.37241718
group_33_v1_11,M_LN,-0.270146,-0.172342,118.5968493,97.36937029
group_33_v1_11,N_LN,-0.313,-0.118733,39.83608995,20.13140426
group_33_v1_11,O_LN,-0.229626,-0.268882,145.5656956,110.2473274
group_33_v1_11,P_HP,0.232509,0.328392,23.4375,17.46928107
group_33_v1_11,Q_HP,0.276096,0.325023,45.04907264,18.63162503
group_33_v1_11,U_Ne,0.146907,-0.235914,24.70529422,11.48198317
group_33_v1_11,V_Ne,0.100384,-0.252923,17.1756588,11.20094436
group_33_v1_11,W_HN,-0.378761,0.090018,110.8439306,80.89239211
group_33_v1_12,A1_LP,0.207922,-0.237831,85.9375,0
group_33_v1_12,A2_LP,0.248303,-0.074866,69.8771243,31.25
group_33_v1_12,A3_LP,0.176878,0.303425,54.6875,0
group_33_v1_12,A4_LP,0.251129,-0.082535,171.875,0
group_33_v1_12,A_HN,-0.34123,0.134835,69.21892635,19.53125
group_33_v1_12,B_HN,-0.389389,0.248863,0,0
group_33_v1_12,C_LN,-0.17473,-0.364745,179.6875,0
group_33_v1_12,F_HN,-0.168942,0.410507,0,0
group_33_v1_12,G_HP,0.201794,0.391398,70.3125,0
group_33_v1_12,H_HP,0.228361,0.43936,113.8857792,64.6599428
group_33_v1_12,J_Ne,0.07909,-0.357391,89.24734108,35.15625
group_33_v1_12,K_Ne,0.056593,-0.40925,117.1875,0
group_33_v1_12,M_LN,-0.233041,-0.226736,195.3125,0
group_33_v1_12,N_LN,-0.270009,-0.156207,102.161694,11.04854346
group_33_v1_12,O_LN,-0.198086,-0.353745,133.9890117,92.33088339
group_33_v1_12,P_HP,0.200573,0.432037,113.8857792,42.96875
group_33_v1_12,Q_HP,0.238174,0.427605,44.53810254,11.71875
group_33_v1_12,U_Ne,0.126729,-0.310371,27.62135864,22.77715584
group_33_v1_12,V_Ne,0.086596,-0.332749,43.14594147,3.90625
group_33_v1_12,W_HN,-0.326737,0.118428,226.5625,0
group_33_v1_13,A1_LP,0.324067,-0.141654,70.9067768,38.45970443
group_33_v1_13,A2_LP,0.387006,-0.044591,121.5897659,85.14027663
group_33_v1_13,A3_LP,0.275683,0.180723,140.8418467,7.8125
group_33_v1_13,A4_LP,0.391411,-0.049159,45.55431168,28.96952534
group_33_v1_13,A_HN,-0.531842,0.080309,45.99875451,33.7538578
group_33_v1_13,B_HN,-0.606903,0.148225,113.3293463,87.06787886
group_33_v1_13,C_LN,-0.272335,-0.217246,35.99029938,12.21462437
group_33_v1_13,F_HN,-0.263313,0.244502,62.91713477,39.33261202
group_33_v1_13,G_HP,0.314517,0.23312,0,0
group_33_v1_13,H_HP,0.355924,0.261687,42.07160006,26.33171804
group_33_v1_13,J_Ne,0.12327,-0.212865,51.67483029,37.87249889
group_33_v1_13,K_Ne,0.088206,-0.243753,27.80489128,14.95979856
group_33_v1_13,M_LN,-0.363219,-0.135046,92.97740363,68.83710907
group_33_v1_13,N_LN,-0.420836,-0.093038,25.16425533,14.58318801
group_33_v1_13,O_LN,-0.308738,-0.210694,284.8235278,225.4132755
group_33_v1_13,P_HP,0.312614,0.257325,16.34101614,12.31398458
group_33_v1_13,Q_HP,0.371218,0.254686,20.85366846,12.61996873
group_33_v1_13,U_Ne,0.19752,-0.18486,119.8270441,81.44788852
group_33_v1_13,V_Ne,0.134969,-0.198189,445.3125,0
group_33_v1_13,W_HN,-0.509253,0.070537,47.62027725,37.4240324
group_33_v1_2,A1_LP,0.004782,-0.217703,18.52897067,11.3466309
group_33_v1_2,A2_LP,0.005711,-0.06853,17.11632992,11.69267933
group_33_v1_2,A3_LP,0.004068,0.277746,50.38911093,25
group_33_v1_2,A4_LP,0.005776,-0.07555,15.84052742,9.021097956
group_33_v1_2,A_HN,-0.007848,0.123423,28.88160549,16.8769289
group_33_v1_2,B_HN,-0.008955,0.227801,24.39452343,20.2032821
group_33_v1_2,C_LN,-0.004019,-0.333876,21.74907954,14.42611967
group_33_v1_2,F_HN,-0.003885,0.375765,12.87116361,8.048105526
group_33_v1_2,G_HP,0.004641,0.358273,20.66993212,13.53164693
group_33_v1_2,H_HP,0.005252,0.402176,52.05728515,22.64277617
group_33_v1_2,J_Ne,0.001819,-0.327144,21.0687457,15.56029993
group_33_v1_2,K_Ne,0.001302,-0.374614,22.43969784,6.477782794
group_33_v1_2,M_LN,-0.00536,-0.207547,26.90172052,16.55401448
group_33_v1_2,N_LN,-0.00621,-0.142987,36.17823956,22.09708691
group_33_v1_2,O_LN,-0.004556,-0.323806,18.85311718,11.20042059
group_33_v1_2,P_HP,0.004613,0.395472,18.52897067,8.228661888
group_33_v1_2,Q_HP,0.005478,0.391416,46.48273369,29.48119104
group_33_v1_2,U_Ne,0.002915,-0.284104,22.77715584,16.57281518
group_33_v1_2,V_Ne,0.001992,-0.304588,25.31539335,18.82400038
group_33_v1_2,W_HN,-0.007515,0.108405,16.57281518,11.71875
group_33_v1_3,A1_LP,0.338321,-0.126218,0,0
group_33_v1_3,A2_LP,0.404028,-0.039732,97.36937029,64.52870674
group_33_v1_3,A3_LP,0.287808,0.161029,0,0
group_33_v1_3,A4_LP,0.408627,-0.043802,350.0255757,167.5999261
group_33_v1_3,A_HN,-0.555235,0.071557,55.51824376,35.15625
group_33_v1_3,B_HN,-0.633597,0.132072,0,0
group_33_v1_3,C_LN,-0.284313,-0.193571,157.4175131,19.13663862
group_33_v1_3,F_HN,-0.274895,0.217857,0,0
group_33_v1_3,G_HP,0.328351,0.207716,116.7526655,76.10228748
group_33_v1_3,H_HP,0.371579,0.23317,409.1319054,277.34375
group_33_v1_3,J_Ne,0.128691,-0.189668,203.125,0
group_33_v1_3,K_Ne,0.092085,-0.21719,46.875,0
group_33_v1_3,M_LN,-0.379195,-0.12033,62.62195134,53.09483289
group_33_v1_3,N_LN,-0.439346,-0.0829,0,0
group_33_v1_3,O_LN,-0.322317,-0.187733,201.3898243,98.2792627
group_33_v1_3,P_HP,0.326364,0.229283,46.38414878,11.55484333
group_33_v1_3,Q_HP,0.387546,0.226931,0,0
group_33_v1_3,U_Ne,0.206208,-0.164715,45.33045621,22.99937726
group_33_v1_3,V_Ne,0.140906,-0.176591,0,0
group_33_v1_3,W_HN,-0.531652,0.06285,164.5577841,71.03219634
group_33_v1_4,A1_LP,0.406003,-0.082026,59.60072226,23.69648576
group_33_v1_4,A2_LP,0.484855,-0.025821,42.73985299,24.30500194
group_33_v1_4,A3_LP,0.345385,0.104649,185.0424888,149.2576029
group_33_v1_4,A4_LP,0.490374,-0.028466,183.323438,144.8969982
group_33_v1_4,A_HN,-0.666312,0.046504,65.71329625,25.5404235
group_33_v1_4,B_HN,-0.760351,0.085831,20.2974704,10.1487352
group_33_v1_4,C_LN,-0.341191,-0.125798,30.69576884,21.43437897
group_33_v1_4,F_HN,-0.329889,0.141581,32.63011481,24.36748064
group_33_v1_4,G_HP,0.394039,0.134991,38.22340975,21.30048253
group_33_v1_4,H_HP,0.445915,0.151532,21.72568085,10.97463933
group_33_v1_4,J_Ne,0.154437,-0.123262,26.90172052,15.01520541
group_33_v1_4,K_Ne,0.110507,-0.141148,50.63078671,28.76396098
group_33_v1_4,M_LN,-0.455054,-0.0782,221.7635614,127.2232703
group_33_v1_4,N_LN,-0.527239,-0.053875,141.7328325,116.2683682
group_33_v1_4,O_LN,-0.386798,-0.122004,44.19417382,33.16303056
group_33_v1_4,P_HP,0.391655,0.149007,41.33986424,30.29799911
group_33_v1_4,Q_HP,0.465076,0.147478,32.96097361,14.32054905
group_33_v1_4,U_Ne,0.247461,-0.107045,18.37737371,8.777239347
group_33_v1_4,V_Ne,0.169095,-0.114763,30.92276585,18.55183183
group_33_v1_4,W_HN,-0.638012,0.040845,32.48921625,22.96874816
group_33_v1_5,A1_LP,0.127549,-0.225799,32.07613362,17.64663873
group_33_v1_5,A2_LP,0.15232,-0.071079,26.44106601,15.65724978
group_33_v1_5,A3_LP,0.108505,0.288075,70.96055517,49.56475602
group_33_v1_5,A4_LP,0.154054,-0.07836,41.54070686,26.53628081
group_33_v1_5,A_HN,-0.209326,0.128014,34.79268025,12.2838296
group_33_v1_5,B_HN,-0.238869,0.236273,37.82770585,22.53603296
group_33_v1_5,C_LN,-0.107187,-0.346293,191.4388597,127.5525473
group_33_v1_5,F_HN,-0.103637,0.38974,112.9980296,67.49565958
group_33_v1_5,G_HP,0.12379,0.371598,63.14768569,47.45017489
group_33_v1_5,H_HP,0.140087,0.417133,70.3125,40.01952648
group_33_v1_5,J_Ne,0.048517,-0.339311,33.47876065,15.19952739
group_33_v1_5,K_Ne,0.034717,-0.388547,36.40514828,18.67544702
group_33_v1_5,M_LN,-0.142958,-0.215266,51.48465444,38.12654208
group_33_v1_5,N_LN,-0.165636,-0.148305,137.0346054,110.7306855
group_33_v1_5,O_LN,-0.121515,-0.335849,106.097251,84.06174133
group_33_v1_5,P_HP,0.123041,0.410181,42.07160006,20.33578924
group_33_v1_5,Q_HP,0.146107,0.405973,50.47987493,23.02700415
group_33_v1_5,U_Ne,0.077741,-0.29467,85.17954097,64.47531578
group_33_v1_5,V_Ne,0.053122,-0.315916,41.8638378,31.21011485
group_33_v1_5,W_HN,-0.200435,0.112437,58.46339667,49.41058844
group_33_v1_6,A1_LP,0.37814,-0.130606,17.46928107,5.75802915
group_33_v1_6,A2_LP,0.45158,-0.041113,44.48913265,24.95611582
group_33_v1_6,A3_LP,0.321682,0.166628,23.0624758,15.86235536
group_33_v1_6,A4_LP,0.45672,-0.045325,29.95357736,17.62580339
group_33_v1_6,A_HN,-0.620583,0.074045,48.8584975,25.51551815
group_33_v1_6,B_HN,-0.708169,0.136665,49.41058844,26.5573933
group_33_v1_6,C_LN,-0.317775,-0.200302,22.46235276,15.05920031
group_33_v1_6,F_HN,-0.307249,0.225433,58.23925503,38.69405318
group_33_v1_6,G_HP,0.366996,0.214939,33.63774512,22.8997102
group_33_v1_6,H_HP,0.415312,0.241278,173.2896329,104.2914856
group_33_v1_6,J_Ne,0.143838,-0.196263,19.02238901,11.61197101
group_33_v1_6,K_Ne,0.102923,-0.224742,37.46743378,14.37957447
group_33_v1_6,M_LN,-0.423824,-0.124514,56.02634106,40.16306745
group_33_v1_6,N_LN,-0.491055,-0.085782,24.59274104,15.39736036
group_33_v1_6,O_LN,-0.360252,-0.194261,32.2117627,16.60143484
group_33_v1_6,P_HP,0.364776,0.237256,80.88861941,56.57458434
group_33_v1_6,Q_HP,0.433158,0.234822,90.67694016,54.40204289
group_33_v1_6,U_Ne,0.230478,-0.170443,31.34750414,19.9027175
group_33_v1_6,V_Ne,0.15749,-0.182732,33.40765524,16.55401448
group_33_v1_6,W_HN,-0.594225,0.065036,16.38763825,11.71585612
group_33_v1_7,A1_LP,0.240659,-0.189402,37.16073748,24.05993163
group_33_v1_7,A2_LP,0.287399,-0.059621,21.88358348,12.40370639
group_33_v1_7,A3_LP,0.204728,0.24164,49.25593833,34.49906588
group_33_v1_7,A4_LP,0.29067,-0.065729,32.2117627,23.64491555
group_33_v1_7,A_HN,-0.394958,0.107379,16.8769289,11.71070969
group_33_v1_7,B_HN,-0.4507,0.198188,41.13804107,29.05862577
group_33_v1_7,C_LN,-0.202242,-0.290473,17.90068631,11.55484333
group_33_v1_7,F_HN,-0.195542,0.326917,38.09567406,27.80489128
group_33_v1_7,G_HP,0.233567,0.311699,24.70529422,14.37957447
group_33_v1_7,H_HP,0.264317,0.349894,19.13663862,11.04854346
group_33_v1_7,J_Ne,0.091543,-0.284616,26.36023101,10.81730769
group_33_v1_7,K_Ne,0.065504,-0.325916,22.26905127,12.31398458
group_33_v1_7,M_LN,-0.269734,-0.180566,32.27486122,19.06563044
group_33_v1_7,N_LN,-0.312522,-0.124399,30.79089845,19.96905158
group_33_v1_7,O_LN,-0.229275,-0.281713,28.92301283,16.94769202
group_33_v1_7,P_HP,0.232154,0.344062,35.66999099,24.58806796
group_33_v1_7,Q_HP,0.275675,0.340533,19.45296812,11.58781014
group_33_v1_7,U_Ne,0.146683,-0.247171,49.75253431,36.45833333
group_33_v1_7,V_Ne,0.100231,-0.264993,45.85108558,25.36742916
group_33_v1_7,W_HN,-0.378183,0.094313,32.15598471,20.44907671
group_33_v1_8,A1_LP,0.210404,-0.181381,39.64410768,21.66120411
group_33_v1_8,A2_LP,0.251268,-0.057097,21.119331,11.92874594
group_33_v1_8,A3_LP,0.17899,0.231406,30.11325349,13.75985269
group_33_v1_8,A4_LP,0.254128,-0.062945,23.78996339,13.05736954
group_33_v1_8,A_HN,-0.345305,0.102831,26.81153683,11.31805973
group_33_v1_8,B_HN,-0.394039,0.189794,29.33591149,13.99724443
group_33_v1_8,C_LN,-0.176817,-0.278172,18.08242382,11.50420096
group_33_v1_8,F_HN,-0.170959,0.313072,25.67449488,15.70293066
group_33_v1_8,G_HP,0.204204,0.298498,28.47622951,14.42282141
group_33_v1_8,H_HP,0.231088,0.335077,27.36910351,18.02354764
group_33_v1_8,J_Ne,0.080034,-0.272563,19.66102718,11.93379087
group_33_v1_8,K_Ne,0.057269,-0.312113,10.57817501,5.368627117
group_33_v1_8,M_LN,-0.235824,-0.17292,33.40765524,25.81480693
group_33_v1_8,N_LN,-0.273233,-0.119131,19.2589187,12.04924138
group_33_v1_8,O_LN,-0.200452,-0.269782,32.04413747,22.33474794
group_33_v1_8,P_HP,0.202968,0.329492,19.56672914,10.77112989
group_33_v1_8,Q_HP,0.241018,0.326112,22.77715584,14.48476267
group_33_v1_8,U_Ne,0.128242,-0.236704,29.91959712,11.11653513
group_33_v1_8,V_Ne,0.08763,-0.25377,18.04219591,11.5160583
group_33_v1_8,W_HN,-0.330639,0.090319,25.4656344,15.09728988
group_33_v1_9,A1_LP,0.201852,-0.290119,35.51609817,24.15004817
group_33_v1_9,A2_LP,0.241055,-0.091326,124.483525,69.46614244
group_33_v1_9,A3_LP,0.171715,0.370134,56.22829442,22.4260939
group_33_v1_9,A4_LP,0.243799,-0.100681,47.01945335,27.42286285
group_33_v1_9,A_HN,-0.331269,0.164479,69.50177445,53.26830162
group_33_v1_9,B_HN,-0.378023,0.303576,75.16722429,34.14521996
group_33_v1_9,C_LN,-0.16963,-0.444936,24.89460959,14.22134563
group_33_v1_9,F_HN,-0.16401,0.500759,33.14563037,21.30607835
group_33_v1_9,G_HP,0.195904,0.477448,61.12861768,43.90336325
group_33_v1_9,H_HP,0.221695,0.535955,83.04801416,47.15897058
group_33_v1_9,J_Ne,0.076781,-0.435964,80.05430286,41.66158009
group_33_v1_9,K_Ne,0.054941,-0.499225,34.71950944,10.1487352
group_33_v1_9,M_LN,-0.226239,-0.276585,81.73478625,47.15395646
group_33_v1_9,N_LN,-0.262127,-0.19055,76.61297231,54.95038502
group_33_v1_9,O_LN,-0.192304,-0.431517,45.31442422,23.89148954
group_33_v1_9,P_HP,0.194718,0.527022,74.05703717,44.55907316
group_33_v1_9,Q_HP,0.231221,0.521616,33.71616504,14.84246499
group_33_v1_9,U_Ne,0.12303,-0.378608,33.45112651,19.8706999
group_33_v1_9,V_Ne,0.084069,-0.405906,59.78250148,33.55234043
group_33_v1_9,W_HN,-0.317199,0.144465,51.82226235,35.4922218
GRP01,A1_LP,0.135733,-0.295718,46.875,24.14431658
GRP01,A2_LP,0.162094,-0.093089,55.08465482,32.26971494
GRP01,A3_LP,0.115467,0.377278,51.22998847,29.80604985
GRP01,A4_LP,0.163939,-0.102624,87.97305163,50.72713463
GRP01,A_HN,-0.222758,0.167653,51.05950551,30.03041082
GRP01,B_HN,-0.254197,0.309435,33.48911758,22.92323163
GRP01,C_LN,-0.114065,-0.453523,52.67186425,42.40003283
GRP01,F_HN,-0.110287,0.510424,11.49968863,7.011933343
GRP01,G_HP,0.131733,0.486663,34.71950944,15.1288412
GRP01,H_HP,0.149076,0.546299,44.05585056,12.69381001
GRP01,J_Ne,0.05163,-0.444379,36.22507225,23.76079113
GRP01,K_Ne,0.036944,-0.508861,124.1601249,105.9503954
GRP01,M_LN,-0.152131,-0.281923,59.29270613,43.18835925
GRP01,N_LN,-0.176264,-0.194228,36.41603336,19.83556824
GRP01,O_LN,-0.129312,-0.439845,128.9306182,109.5312928
GRP01,P_HP,0.130936,0.537194,28.62891817,14.72199326
GRP01,Q_HP,0.155482,0.531683,52.98695299,24.70529422
GRP01,U_Ne,0.08273,-0.385915,40.72004107,20.54652843
GRP01,V_Ne,0.056531,-0.41374,49.93718152,22.37716256
GRP01,W_HN,-0.213297,0.147253,36.7132088,25.20632901
GRP02,A1_LP,0.23974,-0.165036,73.21831208,57.30646116
GRP02,A2_LP,0.286301,-0.051951,79.3843806,55.62121432
GRP02,A3_LP,0.203946,0.210554,35.15625,19.43334838
GRP02,A4_LP,0.289559,-0.057273,59.60072226,42.10060495
GRP02,A_HN,-0.393448,0.093565,38.7487399,24.90215227
GRP02,B_HN,-0.448978,0.172692,23.4375,12.95556559
GRP02,C_LN,-0.201469,-0.253105,46.21937331,24.70529422
GRP02,F_HN,-0.194795,0.28486,32.40068961,20.61079056
GRP02,G_HP,0.232675,0.2716,23.21947201,15.89395262
GRP02,H_HP,0.263307,0.304882,7.8125,5.823093691
GRP02,J_Ne,0.091193,-0.248002,44.74319082,24.40703024
GRP02,K_Ne,0.065253,-0.283988,8.734640537,6.477782794
GRP02,M_LN,-0.268703,-0.157337,37.67051079,29.99741155
GRP02,N_LN,-0.311328,-0.108396,42.16217411,32.90015728
GRP02,O_LN,-0.228399,-0.245472,25.9951221,17.15449347
GRP02,P_HP,0.231267,0.2998,25.61499424,13.9481024
GRP02,Q_HP,0.274621,0.296725,26.68476762,12.75775908
GRP02,U_Ne,0.146122,-0.215374,44.62367054,37.35271777
GRP02,V_Ne,0.099848,-0.230902,25.31539335,12.2838296
GRP02,W_HN,-0.376738,0.08218,53.64113768,26.07884251
GRP03,A1_LP,0.267236,-0.169425,71.98530937,41.81694903
GRP03,A2_LP,0.319137,-0.053333,69.54880396,26.13103156
GRP03,A3_LP,0.227336,0.216153,56.87585851,21.98405759
GRP03,A4_LP,0.322769,-0.058796,37.46743378,17.35975472
GRP03,A_HN,-0.438574,0.096053,111.8579771,69.86268538
GRP03,B_HN,-0.500471,0.177284,29.57764763,18.04219591
GRP03,C_LN,-0.224576,-0.259836,82.58124156,48.73619819
GRP03,F_HN,-0.217136,0.292436,44.79431618,20.08492559
GRP03,G_HP,0.25936,0.278823,91.72065763,70.56522867
GRP03,H_HP,0.293506,0.31299,70.79311052,44.95488672
GRP03,J_Ne,0.101652,-0.254597,72.77343992,47.31975886
GRP03,K_Ne,0.072737,-0.29154,62.77839781,39.11030238
GRP03,M_LN,-0.299521,-0.161521,81.41509669,35.14756837
GRP03,N_LN,-0.347035,-0.111278,64.13867422,42.04257515
GRP03,O_LN,-0.254595,-0.251999,57.05443307,35.99029938
GRP03,P_HP,0.257791,0.307773,81.90432551,56.8625537
GRP03,Q_HP,0.306118,0.304616,149.4959522,117.4837113
GRP03,U_Ne,0.162881,-0.221101,28.28849086,14.47337847
GRP03,V_Ne,0.1113,-0.237043,74.75364633,38.23388116
GRP03,W_HN,-0.419946,0.084366,53.05466798,26.51140644
GRP04,A1_LP,0.276432,-0.168366,57.48580473,39.99212694
GRP04,A2_LP,0.330119,-0.052999,39.19249204,17.32309205
GRP04,A3_LP,0.235159,0.214802,55.02130269,22.96396634
GRP04,A4_LP,0.333876,-0.058429,52.60158822,32.10632293
GRP04,A_HN,-0.453666,0.095452,176.3734238,121.7569763
GRP04,B_HN,-0.517693,0.176175,44.58701865,31.80314029
GRP04,C_LN,-0.232304,-0.258211,68.79679451,46.79961224
GRP04,F_HN,-0.224608,0.290607,78.8249891,50
GRP04,G_HP,0.268285,0.277079,114.5870324,97.88547317
GRP04,H_HP,0.303606,0.311033,30.00447558,22.77715584
GRP04,J_Ne,0.10515,-0.253005,51.11071011,32.96097361
GRP04,K_Ne,0.07524,-0.289717,66.52104049,3.90625
GRP04,M_LN,-0.309828,-0.160512,81.51811232,59.55430113
GRP04,N_LN,-0.358977,-0.110583,38.35293034,28.39497163
GRP04,O_LN,-0.263356,-0.250424,90.007776,67.18548124
GRP04,P_HP,0.266662,0.305849,165.6821098,132.3953698
GRP04,Q_HP,0.316652,0.302711,136.662935,32.2117627
GRP04,U_Ne,0.168486,-0.219719,49.77978851,26.4242727
GRP04,V_Ne,0.11513,-0.235561,33.27690071,14.11731098
GRP04,W_HN,-0.434397,0.083838,129.7909979,88.25127595
GRP05,A1_LP,0.025197,-0.245171,31.73452502,16.10588135
GRP05,A2_LP,0.030091,-0.077177,49.32227633,26.97108476
GRP05,A3_LP,0.021435,0.31279,49.67458278,27.61008231
GRP05,A4_LP,0.030433,-0.085082,45.99875451,19.48779889
GRP05,A_HN,-0.041352,0.138996,58.63713671,41.25775916
GRP05,B_HN,-0.047188,0.256543,56.74155877,28.90361052
GRP05,C_LN,-0.021175,-0.376002,44.69355887,27.13774599
GRP05,F_HN,-0.020473,0.423176,31.25,18.21753721
GRP05,G_HP,0.024455,0.403477,60.23454951,36.72603438
GRP05,H_HP,0.027674,0.45292,42.79082481,9.743899445
GRP05,J_Ne,0.009585,-0.36842,47.39297153,34.19698223
GRP05,K_Ne,0.006858,-0.42188,45.44252179,20.87398378
GRP05,M_LN,-0.028241,-0.233734,54.29546986,43.84058702
GRP05,N_LN,-0.032721,-0.161028,57.85119763,37.24049387
GRP05,O_LN,-0.024005,-0.364662,34.10657227,18.74639527
GRP05,P_HP,0.024307,0.44537,44.29271168,20.87978452
GRP05,Q_HP,0.028863,0.440802,43.91709163,22.85740443
GRP05,U_Ne,0.015358,-0.31995,53.90058847,35.42432515
GRP05,V_Ne,0.010494,-0.343019,48.86717189,34.92491161
GRP05,W_HN,-0.039596,0.122083,35.20629451,20.1837207
GRP06,A1_LP,0.059222,-0.21233,106.4254722,79.89075968
GRP06,A2_LP,0.070724,-0.066839,229.9052964,158.3624562
GRP06,A3_LP,0.05038,0.270891,89.8720517,48.71949722
GRP06,A4_LP,0.071529,-0.073686,78.38498408,6.378879538
GRP06,A_HN,-0.097192,0.120377,115.2972551,54.57577874
GRP06,B_HN,-0.11091,0.222179,96.42452386,71.12760564
GRP06,C_LN,-0.049768,-0.325636,72.4501445,40.20956146
GRP06,F_HN,-0.04812,0.366492,36.64387312,19.13663862
GRP06,G_HP,0.057477,0.349431,31.93992862,21.69890859
GRP06,H_HP,0.065044,0.392251,85.8867545,65.28779376
GRP06,J_Ne,0.022527,-0.31907,63.09396583,36.84893277
GRP06,K_Ne,0.016119,-0.365369,149.3938491,101.7626233
GRP06,M_LN,-0.066377,-0.202425,128.0912164,78.05394496
GRP06,N_LN,-0.076906,-0.139458,91.63347444,46.01680386
GRP06,O_LN,-0.056421,-0.315815,111.7442424,72.20107853
GRP06,P_HP,0.057129,0.385713,89.41814955,40.56485933
GRP06,Q_HP,0.067839,0.381756,266.084162,171.875
GRP06,U_Ne,0.036096,-0.277093,114.9968863,79.24543778
GRP06,V_Ne,0.024665,-0.297071,72.76537504,33.77268841
GRP06,W_HN,-0.093064,0.10573,118.4456273,83.80202751
GRP07,A1_LP,0.163689,-0.285806,44.27083333,23.80435625
GRP07,A2_LP,0.19548,-0.089968,26.5573933,16.47019615
GRP07,A3_LP,0.139249,0.364632,63.0469234,38.65756917
GRP07,A4_LP,0.197705,-0.099184,52.84277054,30.75784326
GRP07,A_HN,-0.268638,0.162033,39.57990665,23.13005659
GRP07,B_HN,-0.306552,0.299063,26.5573933,16.47019615
GRP07,C_LN,-0.137558,-0.438321,76.1217784,58.80293065
GRP07,F_HN,-0.133002,0.493314,77.33980419,47.84553396
GRP07,G_HP,0.158865,0.47035,48.98113047,32.48529267
GRP07,H_HP,0.17978,0.527987,103.8406356,75.60559579
GRP07,J_Ne,0.062264,-0.429483,30.79089845,17.22691188
GRP07,K_Ne,0.044553,-0.491803,25.79308441,12.32791706
GRP07,M_LN,-0.183465,-0.272473,29.91959712,17.92151097
GRP07,N_LN,-0.212568,-0.187717,87.21192276,55.45803844
GRP07,O_LN,-0.155946,-0.425101,30.97535563,17.85357107
GRP07,P_HP,0.157904,0.519186,79.1437484,49.78553553
GRP07,Q_HP,0.187505,0.513861,79.54439765,52.34310219
GRP07,U_Ne,0.099769,-0.372979,30.5087878,16.91455867
GRP07,V_Ne,0.068174,-0.399871,73.7489701,44.21122076
GRP07,W_HN,-0.257228,0.142317,41.68293953,22.79798815
GRP08,A1_LP,0.311744,-0.14173,172.5542921,81.03311397
GRP08,A2_LP,0.37229,-0.044615,203.3127137,140.9907353
GRP08,A3_LP,0.2652,0.180819,128.3724744,99.81129113
GRP08,A4_LP,0.376527,-0.049185,247.4026863,139.3472525
GRP08,A_HN,-0.511619,0.080352,87.43370815,35.1019546
GRP08,B_HN,-0.583826,0.148304,219.3421116,103.5524699
GRP08,C_LN,-0.261979,-0.217362,210.2935128,114.7673186
GRP08,F_HN,-0.253301,0.244633,175.6799477,93.9667633
GRP08,G_HP,0.302558,0.233245,190.5215981,74.80176821
GRP08,H_HP,0.34239,0.261827,152.4138461,84.92298901
GRP08,J_Ne,0.118582,-0.212979,141.3825084,72.97477224
GRP08,K_Ne,0.084852,-0.243883,147.1987788,104.0037789
GRP08,M_LN,-0.349407,-0.135118,45.26629418,18.54157112
GRP08,N_LN,-0.404834,-0.093088,194.4076261,131.4523903
GRP08,O_LN,-0.296998,-0.210806,86.64481646,54.70981688
GRP08,P_HP,0.300727,0.257463,183.4135862,151.8532881
GRP08,Q_HP,0.357103,0.254822,71.88632157,24.15004817
GRP08,U_Ne,0.19001,-0.184959,98.04609686,64.06726354
GRP08,V_Ne,0.129837,-0.198295,212.8816655,125.6088687
GRP08,W_HN,-0.489889,0.070575,271.0085571,61.71136315
GRP09,A1_LP,0.446834,-0.138854,37.87249889,21.3954124
GRP09,A2_LP,0.533615,-0.04371,47.26401082,34.0180329
GRP09,A3_LP,0.38012,0.177151,32.2117627,17.026949
GRP09,A4_LP,0.539689,-0.048187,128.6890531,63.41560241
GRP09,A_HN,-0.73332,0.078721,66.02767615,38.59735818
GRP09,B_HN,-0.836817,0.145295,57.07671561,42.5113259
GRP09,C_LN,-0.375504,-0.212952,25.55535505,16.4804868
GRP09,F_HN,-0.363064,0.239669,81.4579242,53.54817204
GRP09,G_HP,0.433666,0.228513,50.58440027,34.85576923
GRP09,H_HP,0.490759,0.256515,75.39163698,50.84693768
GRP09,J_Ne,0.169968,-0.208658,92.57070777,56.35840249
GRP09,K_Ne,0.121621,-0.238935,56.60694041,29.72060471
GRP09,M_LN,-0.500817,-0.132377,40.49458233,25.10827249
GRP09,N_LN,-0.580262,-0.0912,42.19232226,28.34836075
GRP09,O_LN,-0.425697,-0.206529,31.19250225,20.58290044
GRP09,P_HP,0.431042,0.252239,75.39886497,50.7045388
GRP09,Q_HP,0.511847,0.249652,62.62195134,39.20871074
GRP09,U_Ne,0.272347,-0.181206,65.16366329,41.52025723
GRP09,V_Ne,0.1861,-0.194271,24.88113483,16.09621105
GRP09,W_HN,-0.702174,0.069143,37.46743378,25.00597824
GRP10,A1_LP,0.101708,-0.181684,96.00160725,62.44572296
GRP10,A2_LP,0.121461,-0.057192,131.3602322,85.9592389
GRP10,A3_LP,0.086522,0.231793,131.5260702,87.48177653
GRP10,A4_LP,0.122843,-0.06305,78.01331302,43.54109197
GRP10,A_HN,-0.166918,0.103003,83.55175639,46.61999321
GRP10,B_HN,-0.190475,0.190111,96.0333906,76.08669115
GRP10,C_LN,-0.085472,-0.278636,122.4000954,62.62123043
GRP10,F_HN,-0.08264,0.313595,94.43919847,54.46908112
GRP10,G_HP,0.09871,0.298997,107.2856617,83.74683785
GRP10,H_HP,0.111706,0.335636,40.81984524,25.30333553
GRP10,J_Ne,0.038688,-0.273018,104.4754538,59.41267993
GRP10,K_Ne,0.027683,-0.312634,92.38370716,55.01205775
GRP10,M_LN,-0.113995,-0.173208,77.49142128,43.24418346
GRP10,N_LN,-0.132079,-0.11933,65.95560663,30.95808909
GRP10,O_LN,-0.096897,-0.270233,74.03348588,46.24577683
GRP10,P_HP,0.098113,0.330041,91.33165582,66.59745757
GRP10,Q_HP,0.116506,0.326656,83.70684522,47.75220872
GRP10,U_Ne,0.061991,-0.237099,71.49611413,43.62950762
GRP10,V_Ne,0.04236,-0.254194,71.98059876,41.19378652
GRP10,W_HN,-0.159828,0.09047,166.5364074,137.6419722
GRP11,A1_LP,0.17123,-0.233291,27.47028353,17.33885741
GRP11,A2_LP,0.204485,-0.073437,32.02172114,17.88362991
GRP11,A3_LP,0.145664,0.297633,53.04451624,35.01708567
GRP11,A4_LP,0.206812,-0.08096,19.42442377,11.53982728
GRP11,A_HN,-0.281013,0.132261,18.97649656,11.82245777
GRP11,B_HN,-0.320674,0.244112,44.13659181,31.80789974
GRP11,C_LN,-0.143895,-0.357782,37.54879638,28.69432449
GRP11,F_HN,-0.139129,0.402671,18.32193656,11.87711867
GRP11,G_HP,0.166183,0.383926,19.62866332,13.59317471
GRP11,H_HP,0.188062,0.430973,31.49319433,19.89409061
GRP11,J_Ne,0.065133,-0.350568,15.1288412,8.228661888
GRP11,K_Ne,0.046606,-0.401437,41.82911043,20.50522884
GRP11,M_LN,-0.191916,-0.222408,36.78241378,23.60169466
GRP11,N_LN,-0.22236,-0.153225,36.54576351,23.9852727
GRP11,O_LN,-0.16313,-0.346992,26.71407545,14.80611177
GRP11,P_HP,0.165178,0.423789,42.01110887,23.9650551
GRP11,Q_HP,0.196143,0.419442,21.47450847,12.63907967
GRP11,U_Ne,0.104365,-0.304446,21.97117656,12.94095679
GRP11,V_Ne,0.071315,-0.326397,28.16836934,17.74658858
GRP11,W_HN,-0.269078,0.116167,27.06329387,16.45732378
ITA01,A1_LP,0.146768,-0.243582,26.30079411,16.05316147
ITA01,A2_LP,0.175273,-0.076677,23.4375,12.95556559
ITA01,A3_LP,0.124855,0.310762,88.96193152,54.50117067
ITA01,A4_LP,0.177268,-0.084531,44.02120183,32.85664813
ITA01,A_HN,-0.240868,0.138095,74.83298461,30.4462056
ITA01,B_HN,-0.274863,0.25488,35.94316079,19.87543948
ITA01,C_LN,-0.123339,-0.373565,22.99937726,9.743899445
ITA01,F_HN,-0.119253,0.420434,40.96909563,21.03580003
ITA01,G_HP,0.142443,0.400862,34.23265984,19.51561874
ITA01,H_HP,0.161196,0.449984,52.04262732,39.24517832
ITA01,J_Ne,0.055828,-0.366032,23.86758174,15.40645777
ITA01,K_Ne,0.039948,-0.419146,56.60694041,39.68685066
ITA01,M_LN,-0.1645,-0.232219,16.72556325,9.63453684
ITA01,N_LN,-0.190594,-0.159984,37.28599235,21.61440902
ITA01,O_LN,-0.139826,-0.362298,19.13663862,11.04854346
ITA01,P_HP,0.141581,0.442484,99.4368911,61.51568652
ITA01,Q_HP,0.168123,0.437945,26.83681881,17.539019
ITA01,U_Ne,0.089456,-0.317876,31.89439769,24.15004817
ITA01,V_Ne,0.061127,-0.340796,17.6862991,9.911026919
ITA01,W_HN,-0.230638,0.121292,19.708007,13.66149436
ITA02,A1_LP,0.19422,-0.202644,42.07160006,20.99546289
ITA02,A2_LP,0.23194,-0.06379,7.8125,0
ITA02,A3_LP,0.165222,0.258534,0,0
ITA02,A4_LP,0.23458,-0.070324,0,0
ITA02,A_HN,-0.318743,0.114886,37.97309003,20.08492559
ITA02,B_HN,-0.363729,0.212044,0,0
ITA02,C_LN,-0.163215,-0.310782,38.71919453,26.9175419
ITA02,F_HN,-0.157809,0.349774,0,0
ITA02,G_HP,0.188496,0.333491,27.54232741,18.84145426
ITA02,H_HP,0.213312,0.374358,24.60214014,15.77349146
ITA02,J_Ne,0.073878,-0.304515,42.83537539,25.15951763
ITA02,K_Ne,0.052863,-0.348702,38.95073296,23.25074404
ITA02,M_LN,-0.217684,-0.193191,0,0
ITA02,N_LN,-0.252215,-0.133097,39.29160754,24.97734971
ITA02,O_LN,-0.185032,-0.301409,0,0
ITA02,P_HP,0.187356,0.368118,0,0
ITA02,Q_HP,0.222478,0.364342,0,0
ITA02,U_Ne,0.118378,-0.264452,0,0
ITA02,V_Ne,0.08089,-0.28352,0,0
ITA02,W_HN,-0.305205,0.100907,0,0
ITA03,A1_LP,0.03191,-0.217778,21.89890276,10.93522207
ITA03,A2_LP,0.038108,-0.068554,14.35247896,9.518353852
ITA03,A3_LP,0.027146,0.277842,53.65468171,42.6519254
ITA03,A4_LP,0.038541,-0.075576,47.52158227,33.3496054
ITA03,A_HN,-0.052369,0.123466,19.91804497,12.35264711
ITA03,B_HN,-0.05976,0.22788,17.24953294,13.49636227
ITA03,C_LN,-0.026816,-0.333992,28.32271772,17.43359303
ITA03,F_HN,-0.025928,0.375896,19.31301689,10.04846953
ITA03,G_HP,0.03097,0.358397,20.54652843,12.5399481
ITA03,H_HP,0.035047,0.402316,13.85008219,10.58798324
ITA03,J_Ne,0.012138,-0.327257,14.32829617,7.715042963
ITA03,K_Ne,0.008685,-0.374744,14.87455685,7.751224544
ITA03,M_LN,-0.035765,-0.207619,21.69890859,12.32741185
ITA03,N_LN,-0.041439,-0.143037,13.35703772,5.82653829
ITA03,O_LN,-0.030401,-0.323919,23.14633963,15.30832647
ITA03,P_HP,0.030782,0.39561,29.52847445,16.4028331
ITA03,Q_HP,0.036553,0.391552,39.0625,0
ITA03,U_Ne,0.019449,-0.284203,22.26905127,12.31398458
ITA03,V_Ne,0.01329,-0.304694,16.44075878,7.732369677
ITA03,W_HN,-0.050145,0.108443,14.53532046,8.994368718
ITA04,A1_LP,0.278179,-0.169803,87.90364487,56.68236609
ITA04,A2_LP,0.332205,-0.053452,42.27834135,24.29859493
ITA04,A3_LP,0.236646,0.216636,67.58301704,33.67843009
ITA04,A4_LP,0.335987,-0.058927,27.8962048,17.79381558
ITA04,A_HN,-0.456533,0.096268,93.75,66.17607166
ITA04,B_HN,-0.520965,0.17768,40.09063625,23.99353292
ITA04,C_LN,-0.233772,-0.260416,68.82780781,50.95076537
ITA04,F_HN,-0.226028,0.293089,52.57395408,21.46806257
ITA04,G_HP,0.269981,0.279445,38.59090324,17.539019
ITA04,H_HP,0.305525,0.313689,48.58009923,24.97828918
ITA04,J_Ne,0.105814,-0.255165,47.30703678,28.49748519
ITA04,K_Ne,0.075716,-0.292191,60.17822921,43.42013542
ITA04,M_LN,-0.311787,-0.161882,61.54875058,47.56437524
ITA04,N_LN,-0.361245,-0.111527,58.69493578,35.32463533
ITA04,O_LN,-0.26502,-0.252562,91.70481231,60.81565281
ITA04,P_HP,0.268348,0.30846,81.27336737,67.58580437
ITA04,Q_HP,0.318653,0.305296,41.4451889,22.81813426
ITA04,U_Ne,0.169551,-0.221595,50.63078671,29.68492999
ITA04,V_Ne,0.115858,-0.237572,58.9183716,39.24517832
ITA04,W_HN,-0.437143,0.084554,44.60657007,24.94568753
ITA05,A1_LP,0.389175,-0.126672,74.19818794,44.49697146
ITA05,A2_LP,0.464758,-0.039875,45.26629418,22.87265796
ITA05,A3_LP,0.331069,0.161608,69.5644734,28.14625048
ITA05,A4_LP,0.470048,-0.043959,60.34703243,34.5481749
ITA05,A_HN,-0.638693,0.071815,122.8895501,76.74157785
ITA05,B_HN,-0.728835,0.132547,111.9943061,62.44626596
ITA05,C_LN,-0.327049,-0.194268,124.714844,74.17304879
ITA05,F_HN,-0.316215,0.218641,35.175973,21.68229762
ITA05,G_HP,0.377706,0.208463,62.91180439,34.99020824
ITA05,H_HP,0.427432,0.234008,82.6058743,48.05798906
ITA05,J_Ne,0.148035,-0.190351,94.97892447,40.4443097
ITA05,K_Ne,0.105927,-0.217972,35.80137262,21.47450847
ITA05,M_LN,-0.436192,-0.120762,92.138132,61.97318
ITA05,N_LN,-0.505385,-0.083198,78.6441087,36.91022852
ITA05,O_LN,-0.370766,-0.188409,72.6766023,46.45708676
ITA05,P_HP,0.375421,0.230108,68.10779599,35.31194004
ITA05,Q_HP,0.445799,0.227748,60.76698901,33.37501463
ITA05,U_Ne,0.237204,-0.165307,129.3535934,85.46513267
ITA05,V_Ne,0.162086,-0.177226,51.22998847,27.8962048
ITA05,W_HN,-0.611566,0.063076,58.72381398,32.62361931