Participant,Stimulus_Name,Valence,Arousal,ibi mean normalize,ibi min normalize,ibi max normalize,ibi skew normalize,ibi kurtosis normalize,ibi std normalize
group33_v5_10,A1_LP,0.212979,-0.176462,0.07515429,-0.142492,0.33390129,0.03316549,-0.4626187,0.10746173
group33_v5_10,A2_LP,0.254343,-0.055548,0.06883732,-0.1615478,0.28626196,0.19438655,-0.7915569,0.10518529
group33_v5_10,A3_LP,0.181181,0.225131,0.1722126,-0.4664395,0.44823569,-1.371316,1.64016525,0.21303976
group33_v5_10,A4_LP,0.257238,-0.061238,0.13932345,-0.1615478,0.38154062,-0.2323875,-0.7614229,0.12470606
group33_v5_10,A_HN,-0.349531,0.100043,0.13020126,-0.1996592,0.44823569,-0.0301705,-0.8022148,0.15438545
group33_v5_10,B_HN,-0.398862,0.184648,0.08394119,-0.1329642,0.27673409,0.00770683,-1.0350726,0.09937846
group33_v5_10,C_LN,-0.17898,-0.270629,0.14617803,-0.1615478,0.35295702,-0.7581407,-0.0464843,0.11478553
group33_v5_10,F_HN,-0.173052,0.304583,-0.0874428,-0.2282428,0.06712103,-0.0482149,-1.4000488,0.0930991
group33_v5_10,G_HP,0.206703,0.290404,-0.0713161,-0.2377707,0.11476036,0.23914641,-0.9623937,0.09066246
group33_v5_10,H_HP,0.233916,0.32599,-0.0388365,-0.2377707,0.25665294,0.24679361,-0.7173632,0.11246892
group33_v5_10,J_Ne,0.081014,-0.265172,-0.0215092,-0.2663543,0.28626196,0.19459882,-1.1007965,0.13522914
group33_v5_10,K_Ne,0.057969,-0.30365,-0.0087605,-0.2377707,0.23862263,0.38204198,-0.6144614,0.11971518
group33_v5_10,M_LN,-0.23871,-0.16823,0.03231758,-0.1037912,0.23862263,0.55816433,-0.2210677,0.06834751
group33_v5_10,N_LN,-0.276577,-0.1159,0.08613554,-0.2091871,0.29578982,-0.4637926,-0.7258328,0.11901861
group33_v5_10,O_LN,-0.202905,-0.262467,-0.1442647,-0.2663543,0.0766489,0.70563502,0.08120653,0.0771818
group33_v5_10,P_HP,0.205452,0.320557,0.07267769,-0.1996592,0.29578982,-0.0906683,-1.0032774,0.13417054
group33_v5_10,Q_HP,0.243967,0.317269,-0.0126044,-0.1806035,0.26720623,0.49487245,-0.5964488,0.10859882
group33_v5_10,U_Ne,0.129812,-0.230285,0.00729464,-0.1996592,0.21956689,0.06688203,-0.9032921,0.10545082
group33_v5_10,V_Ne,0.088703,-0.246889,0.02297563,-0.1996592,0.30531769,0.24414115,-0.6397391,0.12033372
group33_v5_10,W_HN,-0.334685,0.08787,0.11568774,-0.1615478,0.34342916,-0.2465267,-0.2591337,0.11863858
group33_v5_11,A1_LP,0.165528,-0.290194,-0.0015068,-0.1197769,0.08435713,0.13189346,-0.5568587,0.04204583
group33_v5_11,A2_LP,0.197676,-0.09135,-0.0571167,-0.1325143,0.02110297,0.09135513,0.43481204,0.03097884
group33_v5_11,A3_LP,0.140814,0.370231,0.01383266,-0.0873327,0.09339344,-0.2712399,-0.6710529,0.04412957
group33_v5_11,A4_LP,0.199926,-0.100707,-0.0741713,-0.2048048,0.0572482,-0.1058238,-0.6911425,0.06890563
group33_v5_11,A_HN,-0.271656,0.164521,-0.0519126,-0.1776958,0.02110297,-0.6209293,-0.0090918,0.04449755
group33_v5_11,B_HN,-0.309996,0.303655,-0.1142192,-0.1686595,-0.0150423,0.67406221,-0.2114074,0.03386654
group33_v5_11,C_LN,-0.139104,-0.445052,-0.1105588,-0.2228774,-0.0150423,-0.3001711,-0.3557652,0.04370023
group33_v5_11,F_HN,-0.134496,0.500889,-0.0692335,-0.24095,0.06628451,-0.0348044,-1.3320774,0.09117155
group33_v5_11,G_HP,0.16065,0.477573,-0.0510876,-0.1505869,0.07532082,0.52077326,-0.3790946,0.05049157
group33_v5_11,H_HP,0.1818,0.536095,-0.0848792,-0.1686595,0.01206666,-0.1240259,-0.4533712,0.03631829
group33_v5_11,J_Ne,0.062964,-0.436078,-0.0084633,-0.1686595,0.06628451,-1.0621156,0.72569996,0.05250924
group33_v5_11,K_Ne,0.045054,-0.499355,-0.1241232,-0.2048048,-0.0511875,-0.2612498,-1.2919103,0.04600867
group33_v5_11,M_LN,-0.185526,-0.276657,-0.0303416,-0.1325143,0.06628451,-0.2625008,-0.2082823,0.04242013
group33_v5_11,N_LN,-0.214956,-0.1906,-0.0392117,-0.1505869,0.03013928,-1.1420498,1.71403985,0.03413134
group33_v5_11,O_LN,-0.157698,-0.431629,-0.0833136,-0.1867322,0.02110297,0.29694256,-0.486429,0.04501898
group33_v5_11,P_HP,0.159678,0.527159,-0.0303542,-0.1325143,0.06628451,-0.3072346,-0.3022949,0.04366257
group33_v5_11,Q_HP,0.189612,0.521752,-0.0316377,-0.1054054,0.06628451,0.36419814,-1.0349668,0.0435051
group33_v5_11,U_Ne,0.10089,-0.378706,-0.0723405,-0.2319137,0.03917559,-0.8503985,0.36831903,0.06017993
group33_v5_11,V_Ne,0.06894,-0.406011,-0.0342214,-0.1152888,0.07532082,0.37916143,-0.3368578,0.03811693
group33_v5_11,W_HN,-0.260118,0.144503,-0.1158509,-0.1867322,-0.0331149,0.0767015,-0.1333326,0.02786212
group33_v5_12,A1_LP,0.175184,-0.207184,0.02518417,-0.1781975,0.28348931,0.3583849,0.32988381,0.08285221
group33_v5_12,A2_LP,0.209207,-0.065219,-0.031007,-0.2613011,0.1265158,-0.6457918,0.00601259,0.08312027
group33_v5_12,A3_LP,0.149028,0.264327,0.05173114,-0.1781975,0.2557881,-0.4869864,-0.4167683,0.09921687
group33_v5_12,A4_LP,0.211588,-0.0719,-0.0307023,-0.2428336,0.17268448,-0.1364864,-0.9657966,0.10892834
group33_v5_12,A_HN,-0.287503,0.11746,0.02209073,-0.2428336,0.2280869,-0.4953801,-1.1273403,0.14492867
group33_v5_12,B_HN,-0.328079,0.216795,-0.0348425,-0.2335999,0.19115195,-0.1396705,-1.216797,0.10364706
group33_v5_12,C_LN,-0.147218,-0.317745,0.04203916,-0.2243662,0.28348931,-0.5825411,0.1508751,0.09846852
group33_v5_12,F_HN,-0.142342,0.35761,0.03028609,-0.15973,0.24655437,0.22991458,-1.0507175,0.11248074
group33_v5_12,G_HP,0.170021,0.340963,-0.0186162,-0.2520674,0.13574954,-0.8957141,1.52116431,0.06951754
group33_v5_12,H_HP,0.192405,0.382745,0.01500919,-0.0581589,0.08958086,-0.0211162,-0.3047807,0.0302894
group33_v5_12,J_Ne,0.066637,-0.311338,-0.0386585,-0.2705349,0.2557881,0.44850861,-0.2889247,0.10255183
group33_v5_12,K_Ne,0.047682,-0.356515,0.0728743,-0.1781975,0.24617748,-0.6000503,0.18988347,0.08354169
group33_v5_12,M_LN,-0.196348,-0.197519,0.01151864,-0.1689638,0.19115195,0.11184668,-0.9123414,0.09325798
group33_v5_12,N_LN,-0.227495,-0.136079,0.003154,-0.2058987,0.17268448,-1.0789657,0.65837553,0.07812147
group33_v5_12,O_LN,-0.166897,-0.308162,0.06416397,-0.0304577,0.24655437,0.93485674,1.2758959,0.04565953
group33_v5_12,P_HP,0.168993,0.376365,0.09964523,-0.0581589,0.2557881,-0.0871633,-0.7961685,0.07300988
group33_v5_12,Q_HP,0.200673,0.372505,0.013055,-0.0858601,0.21885316,0.68740283,-0.3099027,0.0733492
group33_v5_12,U_Ne,0.106775,-0.270377,0.02505863,-0.1689638,0.2557881,-0.174842,-0.2095939,0.09027036
group33_v5_12,V_Ne,0.072961,-0.289872,-0.1040103,-0.2428336,0.10804833,0.22693522,0.07376958,0.06822136
group33_v5_12,W_HN,-0.275292,0.103168,0.04884951,-0.2335999,0.19115195,-1.4561242,2.28063123,0.08420238
group33_v5_13,A1_LP,0.181805,-0.229734,-0.0482387,-0.2374307,0.31184373,0.67951636,-0.8650876,0.15372059
group33_v5_13,A2_LP,0.217114,-0.072318,-0.0349179,-0.2739481,0.3365955,0.43508649,-1.1203166,0.18689475
group33_v5_13,A3_LP,0.154661,0.293095,-0.0188799,-0.2326952,0.34484609,0.59999614,1.90575129,0.10289784
group33_v5_13,A4_LP,0.219585,-0.079725,-0.0542867,-0.2244446,0.1798343,-0.0071335,-0.9012221,0.09809131
group33_v5_13,A_HN,-0.298369,0.130244,-0.0474725,-0.1584399,0.17158371,0.9166277,0.04876427,0.08040831
group33_v5_13,B_HN,-0.340479,0.24039,0.01034351,-0.1914422,0.19633548,-0.1021031,-0.7551665,0.09494031
group33_v5_13,C_LN,-0.152783,-0.352328,-0.0570927,-0.2244446,0.23758843,0.85143356,1.3022454,0.07821561
group33_v5_13,F_HN,-0.147721,0.396532,-0.0041242,-0.1996928,0.27884137,0.20452221,-1.0683516,0.13255017
group33_v5_13,G_HP,0.176447,0.378073,0.05291022,-0.2076539,0.27059078,-0.4228717,-0.3800389,0.1089559
group33_v5_13,H_HP,0.199677,0.424402,-0.0590777,-0.2491964,0.22108725,0.40683625,-0.4801547,0.10455444
group33_v5_13,J_Ne,0.069155,-0.345224,-0.0203661,-0.216194,0.22108725,0.38324736,-0.3221166,0.09814512
group33_v5_13,K_Ne,0.049484,-0.395318,0.00868702,-0.1501893,0.16333312,0.36585884,-0.6391279,0.07262529
group33_v5_13,M_LN,-0.203769,-0.219017,-0.0435277,-0.2326952,0.27884137,0.44987857,-0.7560383,0.1318243
group33_v5_13,N_LN,-0.236093,-0.150889,-0.0264226,-0.1666905,0.16333312,0.29081072,-0.7229941,0.07426398
group33_v5_13,O_LN,-0.173205,-0.341702,-0.0016168,-0.1501893,0.29534255,0.93122751,0.13820907,0.09657315
group33_v5_13,P_HP,0.17538,0.417329,0.08970619,-0.1312387,0.26234019,-0.7140457,-0.1840659,0.09153939
group33_v5_13,Q_HP,0.208257,0.413048,-0.0680796,-0.1996928,0.13033076,0.53380767,-0.1322221,0.07355417
group33_v5_13,U_Ne,0.110811,-0.299805,-0.1405254,-0.2656975,0.10557899,1.04711258,0.77655458,0.07325988
group33_v5_13,V_Ne,0.075719,-0.321421,-0.0313841,-0.2409458,0.22108725,0.04448644,-1.0238487,0.12040632
group33_v5_13,W_HN,-0.285696,0.114396,-0.0474946,-0.1996928,0.15508253,0.27885468,-0.2658111,0.06710807
group33_v5_14,A1_LP,0.15109,-0.280736,-0.5632444,-0.6224367,-0.4733986,0.58546543,-1.5954023,0.05159804
group33_v5_14,A2_LP,0.180434,-0.088372,-0.546487,-0.6224367,-0.5330138,-2.3188972,4.96216123,0.01789229
group33_v5_14,A3_LP,0.128532,0.358163,-0.6222334,-0.6423085,-0.5727573,0.69162901,-0.3150632,0.01806937
group33_v5_14,A4_LP,0.182488,-0.097425,-0.6209954,-0.6423085,-0.5926291,0.38465681,-1.1629253,0.01448064
group33_v5_14,A_HN,-0.247962,0.159159,-0.0158437,-0.1941332,0.13881612,-0.0627126,-0.8888251,0.08942976
group33_v5_14,B_HN,-0.282957,0.293758,-0.5763495,-0.6323726,-0.4535268,1.10080221,0.02871203,0.04777166
group33_v5_14,C_LN,-0.126971,-0.430546,-0.3650844,-0.6323726,0.10288223,0.60900671,-1.489358,0.29047229
group33_v5_14,F_HN,-0.122765,0.484563,-0.5969516,-0.6423085,-0.5330138,0.15398281,-1.1560609,0.02762909
group33_v5_14,G_HP,0.146638,0.462006,0.04270225,-0.0665476,0.12275398,-0.0095057,-0.8380704,0.03960465
group33_v5_14,H_HP,0.165943,0.518621,-0.5265617,-0.6125008,-0.3254644,1.5519304,2.65533519,0.04678991
group33_v5_14,J_Ne,0.057472,-0.421864,0.03911994,-0.0759635,0.14262573,0.03508355,-0.032896,0.03946971
group33_v5_14,K_Ne,0.041124,-0.483079,-0.2103732,-0.5826932,0.0333311,-0.3844773,-1.0837947,0.1772017
group33_v5_14,M_LN,-0.169344,-0.267639,-0.5661182,-0.6230577,-0.5032062,-0.3606302,-0.3794599,0.02659176
group33_v5_14,N_LN,-0.196207,-0.184387,-0.008313,-0.1589776,0.19230511,-0.3768819,-0.6602426,0.07275366
group33_v5_14,O_LN,-0.143943,-0.417561,-0.5507329,-0.6423085,-0.3740398,0.95227131,-0.6569565,0.08933255
group33_v5_14,P_HP,0.145751,0.509977,0.05309396,-0.0793123,0.21217687,0.00506884,-1.1673033,0.07551757
group33_v5_14,Q_HP,0.173074,0.504745,-0.5724974,-0.6070675,-0.4833345,1.48405696,2.48791147,0.02444832
group33_v5_14,U_Ne,0.09209,-0.366363,-0.5253399,-0.6323726,-0.369039,0.29329785,-1.6159834,0.09698286
group33_v5_14,V_Ne,0.062927,-0.392778,-0.4866636,-0.6409757,0.00352347,1.02522105,-0.7894783,0.2234695
group33_v5_14,W_HN,-0.23743,0.139793,-0.6006228,-0.6423085,-0.5131421,0.97877136,-0.2536006,0.03365644
group33_v5_3,A1_LP,0.443891,-0.008929,-0.0557453,-0.1617472,0.04294243,-0.202934,-0.5588275,0.04610431
group33_v5_3,A2_LP,0.530101,-0.002811,-0.0474724,-0.2104828,0.02344818,-1.1547586,0.45498132,0.05733852
group33_v5_3,A3_LP,0.377616,0.011392,-0.0005899,-0.185943,0.07218381,-0.7832027,1.48682657,0.04301311
group33_v5_3,A4_LP,0.536135,-0.003099,-0.0548157,-0.1948999,0.0331953,-0.2079377,-0.2571462,0.04206979
group33_v5_3,A_HN,-0.728491,0.005062,-0.0925687,-0.1812415,-0.0057932,0.1130349,-0.8666007,0.04284171
group33_v5_3,B_HN,-0.831306,0.009343,-0.1052387,-0.1909886,0.08193093,1.43079587,1.21750957,0.06017701
group33_v5_3,C_LN,-0.373031,-0.013694,-0.118744,-0.2299771,-0.0057932,-0.022713,-0.0792932,0.04248717
group33_v5_3,F_HN,-0.360673,0.015412,-0.1068342,-0.1812415,-0.0252874,-0.1652569,-0.5393573,0.03524881
group33_v5_3,G_HP,0.43081,0.014695,-0.0304147,-0.1325058,0.0331953,-0.897473,-0.0931589,0.04061003
group33_v5_3,H_HP,0.487527,0.016495,-0.1034623,-0.2592185,0.00395393,-0.3765253,-0.1840457,0.06132295
group33_v5_3,J_Ne,0.168848,-0.013418,-0.090949,-0.22023,0.05268955,0.08997266,-0.4191641,0.05913105
group33_v5_3,K_Ne,0.12082,-0.015365,-0.1276542,-0.2494713,-0.0545288,-0.5138149,-1.0151155,0.0544155
group33_v5_3,M_LN,-0.497519,-0.008513,-0.0463017,-0.2494713,0.05268955,-1.5433591,1.64424626,0.06970812
group33_v5_3,N_LN,-0.57644,-0.005865,-0.1688959,-0.2592185,-0.0155403,0.49170586,0.63872793,0.04652269
group33_v5_3,O_LN,-0.422893,-0.013281,-0.0615348,-0.2299771,0.07218381,-0.4251478,-0.7709632,0.07420979
group33_v5_3,P_HP,0.428203,0.01622,-0.1174718,-0.2689656,-0.0350346,-0.4362326,-0.0717719,0.04586862
group33_v5_3,Q_HP,0.508476,0.016054,-0.062583,-0.1325058,-0.0057932,-0.1324631,-0.8442218,0.03007774
group33_v5_3,U_Ne,0.270553,-0.011652,-0.1198795,-0.1812415,-0.0350346,0.48859048,-0.3936672,0.03385297
group33_v5_3,V_Ne,0.184874,-0.012493,-0.0764118,-0.1520001,-0.0155403,-0.2148108,-0.5806824,0.03178697
group33_v5_3,W_HN,-0.69755,0.004446,-0.109352,-0.2397242,-0.0545288,-1.5386439,1.85558619,0.04072254
group33_v5_4,A1_LP,0.216106,-0.214297,-0.0635654,-0.2235295,0.05078217,-0.2684893,-1.0584107,0.06829132
group33_v5_4,A2_LP,0.258077,-0.067458,0.02078606,-0.1312428,0.21631635,0.19305615,-0.5041578,0.07247634
group33_v5_4,A3_LP,0.18384,0.273401,-0.0788953,-0.2227091,0.04358503,-0.2113114,-0.8279028,0.06352072
group33_v5_4,A4_LP,0.261014,-0.074368,-0.0533158,-0.2773231,0.27389345,0.36106614,-0.472266,0.13160931
group33_v5_4,A_HN,-0.354662,0.121493,-0.0110221,-0.1795263,0.20192207,-0.4725398,-0.1456582,0.08253805
group33_v5_4,B_HN,-0.404717,0.224238,-0.0950609,-0.273089,0.10835927,0.16153876,-1.3031957,0.10772134
group33_v5_4,C_LN,-0.181608,-0.328654,-0.0797462,-0.2874833,0.20192207,0.29802349,-0.6271326,0.10739771
group33_v5_4,F_HN,-0.175592,0.369888,-0.0564959,-0.2083148,0.093965,-0.0984312,-0.4719017,0.07166858
group33_v5_4,G_HP,0.209737,0.352669,-0.0752604,-0.266596,0.093965,-0.3418452,-1.0092318,0.09172717
group33_v5_4,H_HP,0.23735,0.395885,-0.0886601,-0.2514976,0.08676786,-0.1501976,-0.8232828,0.0798111
group33_v5_4,J_Ne,0.082203,-0.322027,-0.1372409,-0.2299062,-0.0427806,0.09799393,-0.926617,0.04331949
group33_v5_4,K_Ne,0.058821,-0.368755,-0.1449914,-0.2658919,0.0004022,-0.0794054,-1.4594382,0.08140983
group33_v5_4,M_LN,-0.242214,-0.2043,-0.0337038,-0.3306662,0.25230204,-0.2262278,-0.9313725,0.15228041
group33_v5_4,N_LN,-0.280637,-0.14075,0.02514804,-0.165132,0.16593638,-1.0957384,1.52881623,0.06114013
group33_v5_4,O_LN,-0.205883,-0.318742,-0.0483398,-0.2658919,0.18033066,-0.3202687,-0.1258485,0.08632974
group33_v5_4,P_HP,0.208469,0.389287,-0.0719885,-0.2227091,0.08676786,0.10112275,-0.2377333,0.06939757
group33_v5_4,Q_HP,0.247549,0.385294,-0.1425523,-0.3378633,0.13714783,0.41686324,-0.6625143,0.12968422
group33_v5_4,U_Ne,0.131717,-0.27966,-0.1573169,-0.2658919,0.00759934,0.28819428,0.36774599,0.05902577
group33_v5_4,V_Ne,0.090005,-0.299824,-0.107298,-0.2371034,0.06517645,0.3327185,-0.1463765,0.06421246
group33_v5_4,W_HN,-0.339598,0.10671,-0.0566243,-0.3018776,0.21631635,0.2456838,0.24713452,0.1034336
group33_v5_5,A1_LP,0.469732,-0.124326,-0.0602162,-0.5447423,0.14369625,-1.6404625,1.57490344,0.15879751
group33_v5_5,A2_LP,0.560961,-0.039136,-0.0461123,-0.1672115,0.08817702,0.39235655,0.19249934,0.05338747
group33_v5_5,A3_LP,0.399599,0.158615,-0.029443,-0.1005884,0.08817702,0.6185701,-0.3936759,0.04333932
group33_v5_5,A4_LP,0.567346,-0.043145,0.0124312,-0.1450038,0.1548001,-0.1974354,-0.3603892,0.06814015
group33_v5_5,A_HN,-0.770899,0.070485,0.02137094,-0.0894845,0.09928086,-0.3148,-0.5917277,0.03854899
group33_v5_5,B_HN,-0.8797,0.130093,0.02185305,-0.1005884,0.11038471,-0.5348469,-0.4845134,0.04561241
group33_v5_5,C_LN,-0.394746,-0.19067,-0.018756,-0.1672115,0.08817702,-0.3787719,-0.1646177,0.05038689
group33_v5_5,F_HN,-0.38167,0.214592,-0.0232263,-0.5558461,0.1548001,-2.2264145,6.07767917,0.11940561
group33_v5_5,G_HP,0.455889,0.204603,0.05520858,-0.0450691,0.21971002,1.01823411,0.6295025,0.05372893
group33_v5_5,H_HP,0.515908,0.229675,-0.0079515,-0.1450038,0.11038471,-0.5348559,-0.2717065,0.05866834
group33_v5_5,J_Ne,0.178678,-0.186826,-0.0307083,-0.1450038,0.08817702,-0.5468906,-1.0662687,0.06502373
group33_v5_5,K_Ne,0.127853,-0.213935,-0.0069173,-0.0672768,0.08817702,0.28725264,-0.7207135,0.03723615
group33_v5_5,M_LN,-0.526482,-0.118526,-0.0026292,-0.1783153,0.22142318,0.17582542,-0.0664771,0.08015892
group33_v5_5,N_LN,-0.609997,-0.081657,-0.0548795,-0.5558461,0.09928086,-2.7583666,7.38980354,0.11544332
group33_v5_5,O_LN,-0.447512,-0.18492,0.01808914,-0.0783807,0.1548001,0.29604539,-0.4930939,0.04660583
group33_v5_5,P_HP,0.453131,0.225847,0.00813798,-0.1116922,0.11038471,-0.1281646,-0.7756475,0.05420427
group33_v5_5,Q_HP,0.538077,0.22353,0.0467241,-0.056173,0.17700779,-0.0224163,-0.9246272,0.05581067
group33_v5_5,U_Ne,0.286303,-0.162246,-0.0459684,-0.1450038,0.07707317,0.2444451,-0.0447993,0.04774493
group33_v5_5,V_Ne,0.195636,-0.173944,-0.0192531,-0.0783807,0.06596932,0.41948606,-0.5075237,0.03247671
group33_v5_5,W_HN,-0.738157,0.061908,-0.0413626,-0.1338999,0.07707317,0.17736478,-0.8802807,0.0523954
group33_v5_6,A1_LP,0.034025,-0.19084,-0.0363189,-0.1011969,0.03887634,0.40213564,0.53164486,0.02384284
group33_v5_6,A2_LP,0.040633,-0.060074,-0.005434,-0.0895241,0.12058572,0.51203747,-0.7446296,0.05022703
group33_v5_6,A3_LP,0.028945,0.243474,-0.0402814,-0.0895241,0.01553081,0.48578349,0.74155433,0.01877038
group33_v5_6,A4_LP,0.041096,-0.066228,-0.0238011,-0.0661786,0.02720357,0.00534363,-0.5248456,0.01972804
group33_v5_6,A_HN,-0.05584,0.108194,-0.0166887,-0.0814111,0.08556741,0.64508363,0.74452723,0.03078076
group33_v5_6,B_HN,-0.063721,0.199692,-0.0268732,-0.0778513,0.02720357,0.15151121,0.65671776,0.02019812
group33_v5_6,C_LN,-0.028594,-0.292678,-0.0323027,-0.1011969,0.03887634,-0.2353156,-0.1703067,0.02584723
group33_v5_6,F_HN,-0.027646,0.329398,-0.0363436,-0.0895241,0.01553081,0.06668375,-0.8366102,0.02538349
group33_v5_6,G_HP,0.033022,0.314065,-0.0122068,-0.0895241,0.06222188,-0.0327062,-0.4986726,0.02945502
group33_v5_6,H_HP,0.03737,0.35255,-0.0457521,-0.1245424,0.07389464,0.01930007,-1.1784785,0.04956277
group33_v5_6,J_Ne,0.012943,-0.286777,-0.050543,-0.1478879,0.03887634,-0.5556249,-0.3323491,0.03951825
group33_v5_6,K_Ne,0.009261,-0.32839,-0.0216445,-0.1245424,0.09724018,0.09978295,0.39793451,0.04354912
group33_v5_6,M_LN,-0.038136,-0.181937,-0.0447685,-0.0895241,0.01553081,0.40595592,-0.3557572,0.02068072
group33_v5_6,N_LN,-0.044185,-0.125343,-0.0134905,-0.0778513,0.05054911,-0.1391977,-0.583866,0.02551278
group33_v5_6,O_LN,-0.032416,-0.283851,-0.0354311,-0.0895241,0.05054911,0.6580611,0.42667138,0.02446856
group33_v5_6,P_HP,0.032823,0.346674,-0.0128358,-0.0778513,0.12058572,1.09102866,1.77635217,0.03392034
group33_v5_6,Q_HP,0.038976,0.343118,-0.0326192,-0.0895241,0.02720357,-0.3610075,-0.1950193,0.02508418
group33_v5_6,U_Ne,0.020738,-0.249048,-0.0489601,-0.1245424,0.02720357,9.71E-05,-0.2134372,0.03546614
group33_v5_6,V_Ne,0.014171,-0.267004,-0.0151949,-0.1011969,0.09724018,-0.3589277,0.10150029,0.03655606
group33_v5_6,W_HN,-0.053469,0.095029,-0.0350707,-0.0895241,0.06222188,0.58409274,1.32495036,0.02559582
group33_v5_7,A1_LP,0.05913,-0.235409,0.06925161,-0.0438527,0.33860628,0.87900647,-0.2825914,0.10160867
group33_v5_7,A2_LP,0.070614,-0.074104,0.04887343,-0.1155637,0.52983575,1.43413546,0.71177749,0.18734368
group33_v5_7,A3_LP,0.050302,0.300336,-0.0412649,-0.1394674,0.1712805,0.99565826,0.01070825,0.07988706
group33_v5_7,A4_LP,0.071418,-0.081695,-0.0163015,-0.1394674,0.67325786,2.31866481,4.44969651,0.17940447
group33_v5_7,A_HN,-0.097042,0.133462,0.11566556,-0.1394674,0.74496891,1.27515848,0.37011218,0.26026316
group33_v5_7,B_HN,-0.110737,0.246329,0.03329124,-0.0811511,0.26689523,0.88631209,0.07836909,0.07892203
group33_v5_7,C_LN,-0.049691,-0.361032,0.06995124,-0.1394674,0.41031734,0.51846271,-1.4889453,0.20279907
group33_v5_7,F_HN,-0.048045,0.406328,-0.0078139,-0.1394674,0.26689523,1.02782837,1.41765288,0.0803703
group33_v5_7,G_HP,0.057388,0.387413,-0.0936667,-0.1394674,0.12347313,1.59061565,2.59537687,0.05511071
group33_v5_7,H_HP,0.064943,0.434887,0.06821159,-0.1394674,0.43422102,0.81544672,-0.5694953,0.15769134
group33_v5_7,J_Ne,0.022492,-0.353752,0.30603531,-0.1394674,1.10352416,0.94133603,-0.0673531,0.31543471
group33_v5_7,K_Ne,0.016094,-0.405083,-0.0908321,-0.1155637,-0.0311402,1.13956665,0.11113088,0.02278516
group33_v5_7,M_LN,-0.066274,-0.224428,0.13641164,-0.1394674,0.62545049,0.76981418,-0.0973959,0.18528206
group33_v5_7,N_LN,-0.076787,-0.154617,-0.0393629,-0.1394674,0.33860628,1.52729156,2.75021272,0.09908734
group33_v5_7,O_LN,-0.056333,-0.350143,0.14732762,-0.1394674,0.52983575,0.20459346,-1.0179363,0.1900456
group33_v5_7,P_HP,0.057041,0.427638,0.11975857,-0.1155637,0.72106522,0.99706879,-0.5716037,0.25505222
group33_v5_7,Q_HP,0.067734,0.423252,0.03898068,-0.1394674,0.29079892,0.31817736,-1.1451953,0.12120147
group33_v5_7,U_Ne,0.03604,-0.307211,-0.0514749,-0.1155637,0.00395471,-0.5140997,-0.6727093,0.03194537
group33_v5_7,V_Ne,0.024627,-0.329362,0.05001731,-0.0885572,0.33860628,0.92722354,-0.3974159,0.11986963
group33_v5_7,W_HN,-0.09292,0.117222,-0.0078317,-0.1394674,0.1712805,0.35041719,-0.8787001,0.08234363
group33_v5_8,A1_LP,0.399106,-0.35633,0.0819039,-0.0011763,0.19858841,-0.0130126,-0.7113934,0.04372421
group33_v5_8,A2_LP,0.476619,-0.112168,0.09085421,-0.1376712,0.26993296,0.25376081,0.72945373,0.066082
group33_v5_8,A3_LP,0.339518,0.454607,0.06527392,-0.1010587,0.26993296,0.15166222,-1.3825331,0.10496617
group33_v5_8,A4_LP,0.482044,-0.123658,0.09914876,0.01309259,0.26993296,0.99708991,0.1764096,0.05999104
group33_v5_8,A_HN,-0.654993,0.202016,0.06205948,-0.0439831,0.17005059,0.16231177,-0.4017255,0.04819064
group33_v5_8,B_HN,-0.747435,0.372859,0.10126315,-0.0297141,0.39835315,0.71900549,0.43900594,0.08572079
group33_v5_8,C_LN,-0.335395,-0.546479,0.10135623,-0.0154452,0.40672652,0.56936774,3.75178141,0.05235888
group33_v5_8,F_HN,-0.324285,0.615042,0.10093055,-0.0297141,0.26993296,-0.0046749,-0.6847994,0.06173199
group33_v5_8,G_HP,0.387345,0.586412,0.10797948,-0.0297141,0.22712623,-0.0453666,-0.5515469,0.05461875
group33_v5_8,H_HP,0.43834,0.658271,0.07358135,-0.0297141,0.1843195,0.26888449,0.64914641,0.04099416
group33_v5_8,J_Ne,0.151813,-0.53546,0.07444242,-0.0154452,0.24139514,1.03734827,0.99492143,0.05376283
group33_v5_8,K_Ne,0.10863,-0.613159,-0.000229,-0.0867898,0.17005059,0.86758226,0.3132154,0.05952327
group33_v5_8,M_LN,-0.447324,-0.339707,0.11740166,-0.372168,0.24139514,-2.5743087,6.56485151,0.11509802
group33_v5_8,N_LN,-0.518283,-0.234037,0.05837185,-0.0861912,0.25566405,0.87182707,1.1011042,0.06485792
group33_v5_8,O_LN,-0.380227,-0.529998,0.08209894,-0.4863193,0.28420187,-2.779368,10.2536601,0.10287592
group33_v5_8,P_HP,0.385001,0.647299,0.16573914,-0.0439831,0.55531116,1.17552749,3.67014035,0.08901802
group33_v5_8,Q_HP,0.457176,0.640659,0.06508337,0.01309259,0.17005059,0.65194567,-0.2075448,0.03107901
group33_v5_8,U_Ne,0.243257,-0.465014,0.02481374,-0.0439831,0.11297496,0.08177224,-1.0086145,0.03881162
group33_v5_8,V_Ne,0.166222,-0.498542,0.08391447,-0.0361662,0.17005059,0.19007846,-0.5339497,0.04368072
group33_v5_8,W_HN,-0.627173,0.177435,0.05750685,-0.4720503,0.29847078,-2.3123833,5.10176637,0.14141961
group33_v5_9,A1_LP,0.312388,-0.157999,-0.0070547,-0.165594,0.10260799,-0.238286,-0.4947827,0.06033899
group33_v5_9,A2_LP,0.373059,-0.049736,0.01395857,-0.2450612,0.15227502,-0.8864766,1.46967677,0.07652193
group33_v5_9,A3_LP,0.265747,0.201576,0.00819844,-0.2549946,0.19200864,-0.8517744,0.5507605,0.09768567
group33_v5_9,A4_LP,0.377305,-0.054831,-0.0050727,-0.1854608,0.17214183,-0.172641,-0.1042261,0.07374122
group33_v5_9,A_HN,-0.512675,0.089575,-0.0086546,-0.2251944,0.13240821,-0.4605228,-0.361066,0.08418514
group33_v5_9,B_HN,-0.585031,0.165328,-0.0304829,-0.1953942,0.13240821,-0.2031093,0.08359659,0.06765093
group33_v5_9,C_LN,-0.26252,-0.242312,-0.0034345,-0.165594,0.15227502,0.02087613,-0.5710755,0.07207494
group33_v5_9,F_HN,-0.253824,0.272714,-0.0376924,-0.1258603,0.08274118,0.45692294,-0.4177401,0.04713777
group33_v5_9,G_HP,0.303182,0.260019,-0.0286039,-0.1953942,0.13240821,-0.03516,-0.6215586,0.07405523
group33_v5_9,H_HP,0.343097,0.291882,-0.0112751,-0.215261,0.14234161,-0.4337251,0.04480094,0.0728797
group33_v5_9,J_Ne,0.118827,-0.237426,-0.0419865,-0.1854608,0.1224748,0.2533056,-0.8842782,0.07409798
group33_v5_9,K_Ne,0.085027,-0.271878,-0.1355588,-0.264928,0.03000899,0.26464237,-0.5215834,0.06842951
group33_v5_9,M_LN,-0.350129,-0.150628,0.00014952,-0.215261,0.25160907,0.07667549,-0.573505,0.09825789
group33_v5_9,N_LN,-0.40567,-0.103774,0.03468283,-0.215261,0.18207524,-0.4828837,1.10347689,0.0705482
group33_v5_9,O_LN,-0.297611,-0.235004,-0.0088499,-0.2351278,0.17214183,-0.3032315,-0.5866092,0.08278269
group33_v5_9,P_HP,0.301348,0.287016,-0.0286574,-0.2251944,0.14234161,-0.4702305,-0.3523187,0.08307677
group33_v5_9,Q_HP,0.35784,0.284072,-0.1054785,-0.2351278,0.04300756,0.22717016,-1.2385471,0.0819663
group33_v5_9,U_Ne,0.190402,-0.20619,-0.039918,-0.1953942,0.15227502,0.17061611,0.51525048,0.05913517
group33_v5_9,V_Ne,0.130105,-0.221057,-0.0014223,-0.1854608,0.10260799,-0.5706248,-0.0651468,0.06403492
group33_v5_9,W_HN,-0.4909,0.078676,0.02593479,-0.1953942,0.17214183,-0.9479303,1.49034716,0.06717639
group_33_v1_1,A1_LP,0.002483,-0.248122,-0.0917397,-0.5407203,0.19860787,-0.7589661,-1.2998445,0.28403929
group_33_v1_1,A2_LP,0.002965,-0.078106,0.13383451,0.03057873,0.34423313,0.9042638,3.578888,0.03798023
group_33_v1_1,A3_LP,0.002112,0.316555,0.06029361,-0.1231639,0.2322137,-0.1433835,0.37677488,0.05175705
group_33_v1_1,A4_LP,0.002999,-0.086107,-0.167706,-0.5407203,0.06418456,-0.5338236,-1.3967364,0.20983393
group_33_v1_1,A_HN,-0.004075,0.140669,0.07008091,-0.0590368,0.19860787,-0.0817392,0.61247313,0.04194869
group_33_v1_1,B_HN,-0.00465,0.259631,0.08376224,-0.014229,0.29942536,1.24840329,2.03480609,0.05605214
group_33_v1_1,C_LN,-0.002087,-0.380528,-0.0171675,-0.1822582,0.0753865,-1.2010687,1.87928826,0.04581428
group_33_v1_1,F_HN,-0.002017,0.42827,-0.0155859,-0.5967301,0.37783895,-0.9984875,-0.7135248,0.31858736
group_33_v1_1,G_HP,0.00241,0.408334,0.03002191,-0.1262485,0.20980981,0.02757889,0.92764411,0.04820794
group_33_v1_1,H_HP,0.002727,0.458371,-0.163677,-0.5631242,0.14259816,-1.0222575,1.05646543,0.1320186
group_33_v1_1,J_Ne,0.000944,-0.372855,0.00646374,-0.1262485,0.14259816,-0.4257389,0.9067217,0.0412106
group_33_v1_1,K_Ne,0.000676,-0.426959,0.04180465,-0.1262485,0.17620399,-0.5842986,-0.4873731,0.07261296
group_33_v1_1,M_LN,-0.002783,-0.236547,-0.1572017,-0.5967301,0.05298262,-1.1078108,0.22312969,0.1557107
group_33_v1_1,N_LN,-0.003224,-0.162966,-0.0249061,-0.1374504,0.10899233,0.088031,-0.2949609,0.04755897
group_33_v1_1,O_LN,-0.002365,-0.369051,-0.2723156,-0.5631242,0.2322137,0.46760919,-1.5450566,0.2788178
group_33_v1_1,P_HP,0.002395,0.450731,0.0699178,-0.0006048,0.14259816,-0.2981868,-1.3768467,0.04396774
group_33_v1_1,Q_HP,0.002844,0.446108,-0.0385863,-0.1038446,0.01937679,-0.4236011,-0.4968357,0.02704341
group_33_v1_1,U_Ne,0.001513,-0.323801,0.0560387,-0.0926426,0.19261316,-0.1398342,-0.0369365,0.05696243
group_33_v1_1,V_Ne,0.001034,-0.347148,-0.1658767,-0.5183165,0.1538001,0.09603432,-1.5595192,0.21832265
group_33_v1_1,W_HN,-0.003902,0.123553,-0.0711511,-0.4959126,0.14259816,-0.9340944,-0.5630344,0.18251837
group_33_v1_10,A1_LP,0.095363,-0.259699,0.22283062,-0.0585969,0.43825467,-0.4134278,-1.1209441,0.16575045
group_33_v1_10,A2_LP,0.113883,-0.08175,0.45105828,0.01985331,1.37965773,0.84777111,-0.46334,0.34684967
group_33_v1_10,A3_LP,0.081125,0.331325,0.11522299,-0.0585969,0.35980442,0.39565363,-0.9504921,0.10657743
group_33_v1_10,A4_LP,0.11518,-0.090124,0.15736804,-0.0324469,0.41210459,-0.1224421,-0.9737138,0.11531508
group_33_v1_10,A_HN,-0.156504,0.147233,0.24319199,-0.0324469,0.5705852,0.07921545,-1.1518913,0.16759522
group_33_v1_10,B_HN,-0.178592,0.271746,0.86007677,0.12445365,1.72457012,-0.0301523,-1.7456002,0.60927951
group_33_v1_10,C_LN,-0.080139,-0.398284,0.16593592,-0.0585969,0.67360544,0.89917254,1.29280411,0.13717144
group_33_v1_10,F_HN,-0.077485,0.448254,0.16487599,-0.0062968,0.43825467,0.31704462,-0.6985197,0.10173959
group_33_v1_10,G_HP,0.092552,0.427387,0.19559562,0.09830357,0.58208014,2.49450716,8.40313102,0.07143031
group_33_v1_10,H_HP,0.104737,0.479759,0.11757306,-0.0585969,0.49055484,0.97998976,-0.2690884,0.15482933
group_33_v1_10,J_Ne,0.036274,-0.390253,0.10272215,-0.0585969,0.67360544,1.20704887,0.73502548,0.18316898
group_33_v1_10,K_Ne,0.025956,-0.446881,0.03057061,-0.0324469,0.15295186,0.66855972,-0.9905698,0.05746576
group_33_v1_10,M_LN,-0.106884,-0.247584,0.2916265,-0.0062968,0.72590561,0.34067647,-0.9685784,0.1889589
group_33_v1_10,N_LN,-0.123839,-0.17057,0.25472121,-0.0324469,0.64745535,0.07272763,-0.8619827,0.16412244
group_33_v1_10,O_LN,-0.090852,-0.386272,0.26138597,-0.0585969,0.9089562,0.77291907,-0.7570506,0.30060599
group_33_v1_10,P_HP,0.091992,0.471763,0.44122803,-0.0062968,0.98740646,0.17486659,0.21980132,0.20123523
group_33_v1_10,Q_HP,0.109238,0.466924,0.18997437,-0.0005044,0.26904602,-1.2147299,0.54949405,0.06797466
group_33_v1_10,U_Ne,0.058124,-0.33891,0.49056313,0.01985331,1.03970663,0.22954494,-1.6730341,0.41383337
group_33_v1_10,V_Ne,0.039717,-0.363346,0.22040193,-0.0585969,0.51670493,0.09670303,-1.0797543,0.14860966
group_33_v1_10,W_HN,-0.149857,0.129318,0.20619889,-0.0324469,0.62130527,0.68579695,0.26761292,0.1491448
group_33_v1_11,A1_LP,0.241027,-0.180776,-0.5529446,-0.6166751,-0.4716332,0.34729946,-0.8499108,0.0377925
group_33_v1_11,A2_LP,0.287838,-0.056906,-0.5227486,-0.6270352,-0.4612731,-0.0965554,-1.5160366,0.0482985
group_33_v1_11,A3_LP,0.205041,0.230634,-0.5453666,-0.606315,-0.4923535,0.09029489,-1.4342134,0.03893929
group_33_v1_11,A4_LP,0.291114,-0.062735,-0.5667452,-0.6270352,-0.5130738,-0.2156378,-0.9868197,0.03507746
group_33_v1_11,A_HN,-0.395561,0.102488,-0.5016254,-0.6270352,-0.1742822,1.27867357,0.77162952,0.1121129
group_33_v1_11,B_HN,-0.451389,0.189161,-0.52621,-0.5959548,-0.4923535,-0.7030735,-1.0882588,0.03414534
group_33_v1_11,C_LN,-0.202551,-0.277243,-0.5421925,-0.6270352,-0.4716332,-0.2676531,-1.1315619,0.04033437
group_33_v1_11,F_HN,-0.195841,0.312027,-0.4364335,-0.6270352,0.01529299,1.04527881,-0.7032368,0.20825677
group_33_v1_11,G_HP,0.233924,0.297502,-0.3825952,-0.6270352,-0.0468678,0.53545137,-1.3689147,0.18511419
group_33_v1_11,H_HP,0.264721,0.333958,-0.1258067,-0.2229901,-0.0572279,-0.0723687,-1.0867345,0.03857785
group_33_v1_11,J_Ne,0.091683,-0.271653,-0.5353571,-0.6270352,-0.4612731,-0.1476256,-1.4433265,0.04972975
group_33_v1_11,K_Ne,0.065604,-0.311072,-0.5559766,-0.6270352,-0.4716332,0.27896382,-1.0753927,0.03891109
group_33_v1_11,M_LN,-0.270146,-0.172342,-0.3222771,-0.6166751,-0.0986685,-0.4237709,-1.6192316,0.17885136
group_33_v1_11,N_LN,-0.313,-0.118733,-0.5333719,-0.6166751,-0.4198326,0.50583258,-0.7531332,0.0462909
group_33_v1_11,O_LN,-0.229626,-0.268882,-0.474886,-0.5959548,0.05673352,1.92297643,2.14734309,0.16698654
group_33_v1_11,P_HP,0.232509,0.328392,-0.5520116,-0.6270352,-0.4612731,0.43113989,-1.247804,0.04487683
group_33_v1_11,Q_HP,0.276096,0.325023,-0.5557553,-0.6233804,-0.4612731,0.34095714,-0.2529333,0.03852331
group_33_v1_11,U_Ne,0.146907,-0.235914,-0.56996,-0.6166751,-0.450913,0.77858229,-0.2154774,0.03817419
group_33_v1_11,V_Ne,0.100384,-0.252923,-0.5437981,-0.6270352,-0.4612731,0.01932503,-0.3657855,0.03535762
group_33_v1_11,W_HN,-0.378761,0.090018,-0.4999304,-0.6270352,-0.1090286,2.26598894,4.66384993,0.11416802
group_33_v1_12,A1_LP,0.207922,-0.237831,-0.1077335,-0.2450944,0.16296269,0.99470078,-0.2626597,0.10096139
group_33_v1_12,A2_LP,0.248303,-0.074866,-0.1039391,-0.2654972,0.26497696,0.56414858,-0.3255253,0.11420667
group_33_v1_12,A3_LP,0.176878,0.303425,-0.0068729,-0.163483,0.30578267,0.62524939,-0.9046214,0.12043258
group_33_v1_12,A4_LP,0.251129,-0.082535,0.28187634,-0.1838858,0.61182548,-0.4918965,-1.2072995,0.21572284
group_33_v1_12,A_HN,-0.34123,0.134835,-0.0991317,-0.2654972,0.14255983,0.66261485,0.15463766,0.08628545
group_33_v1_12,B_HN,-0.389389,0.248863,0.12799876,-0.2125864,0.57101977,0.0946727,-1.4057849,0.25956461
group_33_v1_12,C_LN,-0.17473,-0.364745,0.15189031,-0.2654972,0.38739408,-0.8063867,-0.2377081,0.1662907
group_33_v1_12,F_HN,-0.168942,0.410507,0.04421887,-0.2246915,0.18336554,-0.7496317,-0.7700209,0.11578766
group_33_v1_12,G_HP,0.201794,0.391398,-0.0023314,-0.2654972,0.16296269,-0.6032672,-1.4077445,0.17417084
group_33_v1_12,H_HP,0.228361,0.43936,-0.1133593,-0.2654972,0.28537981,1.4374894,0.69026631,0.14685795
group_33_v1_12,J_Ne,0.07909,-0.357391,0.07514062,-0.2654972,0.28537981,-0.3149234,-1.6335813,0.20640071
group_33_v1_12,K_Ne,0.056593,-0.40925,-0.0289227,-0.2450944,0.36699123,0.75282029,-0.1539155,0.16105524
group_33_v1_12,M_LN,-0.233041,-0.226736,0.02851915,-0.2450944,0.53553918,0.53936552,-0.6514133,0.21881942
group_33_v1_12,N_LN,-0.270009,-0.156207,0.06519292,-0.2042887,0.44860265,0.02504282,-0.7139906,0.15483306
group_33_v1_12,O_LN,-0.198086,-0.353745,-0.0995438,-0.2654972,0.53021406,1.76148512,1.81366297,0.20554481
group_33_v1_12,P_HP,0.200573,0.432037,-0.1506855,-0.2654972,0.18336554,0.9359227,1.0951335,0.08727138
group_33_v1_12,Q_HP,0.238174,0.427605,-0.0595391,-0.2313562,0.24457411,0.25774832,-0.6868866,0.11869961
group_33_v1_12,U_Ne,0.126729,-0.310371,-0.0654231,-0.2654972,0.42301182,0.89505508,0.91624685,0.14081884
group_33_v1_12,V_Ne,0.086596,-0.332749,-0.0403488,-0.2450944,0.2037684,-0.1657311,-1.2965957,0.1224618
group_33_v1_12,W_HN,-0.326737,0.118428,-0.0164269,-0.2654972,0.36699123,0.40324847,-1.5817348,0.24196693
group_33_v1_13,A1_LP,0.324067,-0.141654,0.03011334,-0.2180129,0.18646322,-0.9858306,1.31348789,0.07642825
group_33_v1_13,A2_LP,0.387006,-0.044591,0.01572855,-0.2989081,0.20443993,-1.4953636,2.45670675,0.08940159
group_33_v1_13,A3_LP,0.275683,0.180723,-0.010796,-0.1820594,0.12354471,-0.6530566,-1.0466116,0.09118185
group_33_v1_13,A4_LP,0.391411,-0.049159,0.02707769,-0.2000362,0.20443993,-0.8105959,-0.1077923,0.08047996
group_33_v1_13,A_HN,-0.531842,0.080309,-0.0540538,-0.2359896,0.06961457,-0.3221534,-1.3258499,0.08972743
group_33_v1_13,B_HN,-0.606903,0.148225,-0.0278888,-0.2180129,0.15050979,-0.619392,-1.2211172,0.10743858
group_33_v1_13,C_LN,-0.272335,-0.217246,-0.0528198,-0.4014986,0.11455636,-1.0703038,0.35820375,0.12448982
group_33_v1_13,F_HN,-0.263313,0.244502,-0.0144065,-0.2359896,0.15949815,-1.3318469,1.35486002,0.07518864
group_33_v1_13,G_HP,0.314517,0.23312,-0.4030337,-0.6674308,0.04049798,0.35017269,-1.3495801,0.23557363
group_33_v1_13,H_HP,0.355924,0.261687,0.07055385,-0.1910478,0.15949815,-1.9105615,3.45225995,0.07450414
group_33_v1_13,J_Ne,0.12327,-0.212865,0.04453617,-0.1191409,0.14152143,-0.7160893,-0.7951101,0.07094558
group_33_v1_13,K_Ne,0.088206,-0.243753,0.00733378,-0.146106,0.11455636,-0.8227728,-0.6455525,0.06366151
group_33_v1_13,M_LN,-0.363219,-0.135046,-0.0116938,-0.4122379,0.12354471,-1.8868668,2.86317889,0.10638053
group_33_v1_13,N_LN,-0.420836,-0.093038,-0.0232844,-0.5146287,0.1684865,-1.75866,1.87173811,0.17351019
group_33_v1_13,O_LN,-0.308738,-0.210694,-0.182072,-0.6314773,0.13253307,-0.3814571,-0.8320315,0.18388716
group_33_v1_13,P_HP,0.312614,0.257325,-0.0072009,-0.2809314,0.07860293,-1.9492808,2.88733845,0.07847763
group_33_v1_13,Q_HP,0.371218,0.254686,0.01335158,-0.0472341,0.06961457,-0.1899009,-0.0779189,0.02298719
group_33_v1_13,U_Ne,0.19752,-0.18486,-0.2149802,-0.622489,0.14152143,-0.5054163,-0.9950831,0.20856415
group_33_v1_13,V_Ne,0.134969,-0.198189,-0.3449814,-0.6584424,0.07860293,0.57681148,-1.0997324,0.24908487
group_33_v1_13,W_HN,-0.509253,0.070537,-0.0098075,-0.3168848,0.12354471,-1.2534409,1.09246463,0.08898788
group_33_v1_2,A1_LP,0.004782,-0.217703,0.04344615,0.00315303,0.09806597,0.34782659,-1.174886,0.02658841
group_33_v1_2,A2_LP,0.005711,-0.06853,0.07174068,0.0249607,0.12309524,-0.3567494,-0.8173769,0.02448233
group_33_v1_2,A3_LP,0.004068,0.277746,0.07969497,-0.0404623,0.15580675,-0.7957254,-0.3063735,0.05689181
group_33_v1_2,A4_LP,0.005776,-0.07555,0.00702158,-0.06227,0.09038372,0.0606213,-0.5283264,0.03443572
group_33_v1_2,A_HN,-0.007848,0.123423,0.05651835,-0.06227,0.15580675,-0.5821145,-0.2379791,0.05251538
group_33_v1_2,B_HN,-0.008955,0.227801,0.03214611,-0.06227,0.1121914,-0.5146072,0.10666307,0.0374247
group_33_v1_2,C_LN,-0.004019,-0.333876,0.0402505,-0.0404623,0.14490291,0.25991841,-0.4798412,0.04331616
group_33_v1_2,F_HN,-0.003885,0.375765,0.04140692,0.00315303,0.10128756,1.0418446,1.22013637,0.01992294
group_33_v1_2,G_HP,0.004641,0.358273,0.03994689,-0.06227,0.09038372,-0.9942701,1.45410269,0.0314867
group_33_v1_2,H_HP,0.005252,0.402176,0.07953328,-0.0077508,0.15580675,-0.2074807,-0.8685044,0.04253294
group_33_v1_2,J_Ne,0.001819,-0.327144,0.04659571,-0.06227,0.16671059,0.48489461,-1.0881876,0.06337744
group_33_v1_2,K_Ne,0.001302,-0.374614,0.04802386,0.01405686,0.1121914,0.81331995,-0.4407691,0.02961223
group_33_v1_2,M_LN,-0.00536,-0.207547,0.04647716,-0.06227,0.15580675,-0.078378,-0.3629288,0.05135394
group_33_v1_2,N_LN,-0.00621,-0.142987,0.08942284,-0.0077508,0.15580675,-0.6389067,-0.339234,0.03849478
group_33_v1_2,O_LN,-0.004556,-0.323806,0.04685588,-0.0186546,0.13399907,0.56765455,-0.3012619,0.03461933
group_33_v1_2,P_HP,0.004613,0.395472,0.04978153,-0.0077508,0.1121914,0.11213006,-0.7988093,0.03001284
group_33_v1_2,Q_HP,0.005478,0.391416,0.01490356,-0.0731738,0.10128756,-0.2970858,-1.0178299,0.04483074
group_33_v1_2,U_Ne,0.002915,-0.284104,-0.0095005,-0.0731738,0.05767221,0.19664213,-0.5133032,0.03013867
group_33_v1_2,V_Ne,0.001992,-0.304588,0.01753138,-0.0731738,0.09639964,-0.079706,-0.9516344,0.04607171
group_33_v1_2,W_HN,-0.007515,0.108405,0.04170898,-0.0513662,0.09038372,-0.7765725,-0.0617642,0.0338825
group_33_v1_3,A1_LP,0.338321,-0.126218,-0.3898519,-0.4087567,-0.3709472,0,-1.2,0.01091633
group_33_v1_3,A2_LP,0.404028,-0.039732,-0.4032594,-0.5139686,-0.1629458,0.97999832,-0.5435483,0.10351266
group_33_v1_3,A3_LP,0.287808,0.161029,-0.3257988,-0.3789598,-0.2710878,0.00513434,-1.1931682,0.03072356
group_33_v1_3,A4_LP,0.408627,-0.043802,-0.1481756,-0.4869668,0.52559871,1.51467119,2.64171322,0.19085763
group_33_v1_3,A_HN,-0.555235,0.071557,-0.3876301,-0.5139686,-0.1764467,0.41305512,-0.852946,0.0907733
group_33_v1_3,B_HN,-0.633597,0.132072,-0.3212553,-0.5139686,-0.1609876,0.0274815,-0.9390319,0.08367309
group_33_v1_3,C_LN,-0.284313,-0.193571,-0.3128255,-0.4464642,-0.0684397,0.66742384,-0.823718,0.0984052
group_33_v1_3,F_HN,-0.274895,0.217857,-0.4023587,-0.4627483,-0.3360994,-0.4264039,-1.0021642,0.03016514
group_33_v1_3,G_HP,0.328351,0.207716,-0.3658079,-0.5004677,-0.0954415,0.98845127,-0.0870953,0.10658952
group_33_v1_3,H_HP,0.371579,0.23317,-0.1246307,-0.4599651,0.74161268,1.42132724,0.44588618,0.37892478
group_33_v1_3,J_Ne,0.128691,-0.189668,-0.3213425,-0.4869668,0.05306813,1.09223958,0.18030444,0.14111659
group_33_v1_3,K_Ne,0.092085,-0.21719,-0.3035714,-0.4869668,-0.0549389,0.01251191,-1.0048708,0.1197387
group_33_v1_3,M_LN,-0.379195,-0.12033,-0.3950659,-0.5139686,-0.2034485,0.60518806,-0.9359859,0.08609572
group_33_v1_3,N_LN,-0.439346,-0.0829,0.53645099,0.00523598,0.70111006,-1.2951852,0.34944054,0.19615387
group_33_v1_3,O_LN,-0.322317,-0.187733,-0.318063,-0.5004677,0.02606639,0.29532187,-0.1928365,0.10417779
group_33_v1_3,P_HP,0.326364,0.229283,-0.4209655,-0.5139686,-0.2882836,0.423097,-1.0899036,0.06152816
group_33_v1_3,Q_HP,0.387546,0.226931,-0.5039673,-0.5139686,-0.4776727,0.80170603,-0.2616121,0.00927454
group_33_v1_3,U_Ne,0.206208,-0.164715,-0.3788001,-0.4869668,-0.2439511,0.59765532,-1.3212605,0.08618821
group_33_v1_3,V_Ne,0.140906,-0.176591,-0.302631,-0.5139686,-0.1089423,-0.2218933,-1.1668111,0.12054952
group_33_v1_3,W_HN,-0.531652,0.06285,-0.3281632,-0.5139686,-0.041438,0.75487912,0.12020294,0.10394421
group_33_v1_4,A1_LP,0.406003,-0.082026,-0.0175557,-0.4624825,0.11803642,-2.1393196,3.3764764,0.12969302
group_33_v1_4,A2_LP,0.484855,-0.025821,-1.3E-05,-0.2474755,0.11803642,-1.1811486,1.36487065,0.07112735
group_33_v1_4,A3_LP,0.345385,0.104649,-0.0921751,-0.569986,0.09653572,-1.2182872,-0.0542611,0.20155113
group_33_v1_4,A4_LP,0.490374,-0.028466,-0.143161,-0.5807363,0.07725716,-0.9269244,-0.9085656,0.23389357
group_33_v1_4,A_HN,-0.666312,0.046504,0.02075201,-0.0539692,0.15028747,0.64687296,0.41558756,0.03936165
group_33_v1_4,B_HN,-0.760351,0.085831,0.03032652,-0.0432188,0.11803642,0.45564674,-0.3442725,0.03280389
group_33_v1_4,C_LN,-0.341191,-0.125798,0.01444715,-0.1292216,0.11803642,-0.2698523,-0.6399503,0.05296525
group_33_v1_4,F_HN,-0.329889,0.141581,0.02006444,-0.0969706,0.17178817,0.32312907,1.87416589,0.04213959
group_33_v1_4,G_HP,0.394039,0.134991,0.02599122,-0.1507223,0.13953712,0.095973,0.57276922,0.04877905
group_33_v1_4,H_HP,0.445915,0.151532,-0.0024545,-0.0862202,0.07503502,-0.3120529,-0.6757047,0.0341625
group_33_v1_4,J_Ne,0.154437,-0.123262,0.00723487,-0.0862202,0.12878677,0.52063224,-0.1656714,0.04396072
group_33_v1_4,K_Ne,0.110507,-0.141148,-0.1068008,-0.5269846,0.17178817,-0.888165,-0.7159016,0.19575753
group_33_v1_4,M_LN,-0.455054,-0.0782,-0.2794806,-0.602237,0.10728607,-0.1124118,-1.6686197,0.22321623
group_33_v1_4,N_LN,-0.527239,-0.053875,-0.1998557,-0.5914867,0.12878677,-0.1874672,-1.5390935,0.20093768
group_33_v1_4,O_LN,-0.386798,-0.122004,0.02468327,-0.1184713,0.18253852,0.04217284,-0.0051671,0.05132692
group_33_v1_4,P_HP,0.391655,0.149007,0.01969781,-0.1184713,0.23629027,1.26817614,1.26627056,0.07287372
group_33_v1_4,Q_HP,0.465076,0.147478,0.00390405,-0.0862202,0.13953712,0.59973492,0.45011174,0.0396648
group_33_v1_4,U_Ne,0.247461,-0.107045,0.0466031,-0.0432188,0.10728607,-0.0881103,-0.3012476,0.02815781
group_33_v1_4,V_Ne,0.169095,-0.114763,0.01608793,-0.172223,0.10728607,-0.9398163,0.76219509,0.05143813
group_33_v1_4,W_HN,-0.638012,0.040845,0.04662559,-0.2689762,0.15028747,-2.6115455,9.12991611,0.05924208
group_33_v1_5,A1_LP,0.127549,-0.225799,-0.0809067,-0.1605358,-0.0357506,-0.4384694,-0.6892761,0.03156201
group_33_v1_5,A2_LP,0.15232,-0.071079,-0.0389534,-0.1265035,0.03231409,-0.1134445,-0.5581728,0.037163
group_33_v1_5,A3_LP,0.108505,0.288075,0.03875622,-0.081127,0.23650809,0.44989574,0.22098347,0.06816382
group_33_v1_5,A4_LP,0.154054,-0.07836,-0.0629537,-0.1605358,0.0436582,0.07150074,0.54301759,0.04031625
group_33_v1_5,A_HN,-0.209326,0.128014,-0.0011929,-0.0924711,0.08903464,-0.0694575,-0.9366288,0.04573399
group_33_v1_5,B_HN,-0.238869,0.236273,0.00491824,-0.1038152,0.1457552,0.39966014,-0.6943438,0.05855708
group_33_v1_5,C_LN,-0.107187,-0.346293,0.04229223,-0.1151594,0.48607852,1.36481524,1.39822196,0.1326562
group_33_v1_5,F_HN,-0.103637,0.38974,0.06033162,-0.1718799,0.27054042,-0.4114641,-0.9430695,0.12653822
group_33_v1_5,G_HP,0.12379,0.371598,-0.0148931,-0.1378476,0.22516397,1.00545397,1.42113827,0.06908943
group_33_v1_5,H_HP,0.140087,0.417133,-0.0174119,-0.1491917,0.17978753,0.53463724,0.22523972,0.06582035
group_33_v1_5,J_Ne,0.048517,-0.339311,-0.0653334,-0.1605358,0.06634642,0.34518401,-0.7219803,0.05493248
group_33_v1_5,K_Ne,0.034717,-0.388547,-0.1219281,-0.2059122,-0.0357506,-0.2645807,-0.9717979,0.04347928
group_33_v1_5,M_LN,-0.142958,-0.215266,-0.0190481,-0.1038152,0.16844342,1.47556403,1.61388582,0.06389209
group_33_v1_5,N_LN,-0.165636,-0.148305,-0.0015183,-0.1491917,0.38398153,1.4398268,2.51388545,0.11159305
group_33_v1_5,O_LN,-0.121515,-0.335849,0.02455814,-0.1265035,0.49742264,2.29452038,6.36198589,0.10506938
group_33_v1_5,P_HP,0.123041,0.410181,-0.0066301,-0.1151594,0.11172287,-0.1866547,-0.7689752,0.05587825
group_33_v1_5,Q_HP,0.146107,0.405973,0.0074946,-0.0697829,0.07769053,0.03391267,-1.195662,0.03908014
group_33_v1_5,U_Ne,0.077741,-0.29467,-0.0191326,-0.1718799,0.23650809,0.62830418,-0.4934011,0.11064208
group_33_v1_5,V_Ne,0.053122,-0.315916,-0.0284619,-0.1038152,0.16844342,1.22301541,0.76059451,0.06397061
group_33_v1_5,W_HN,-0.200435,0.112437,-0.0318795,-0.1151594,0.22516397,1.84198027,3.27462762,0.06887425
group_33_v1_6,A1_LP,0.37814,-0.130606,0.01465733,-0.0298287,0.0874448,0.44274975,0.1678993,0.02356815
group_33_v1_6,A2_LP,0.45158,-0.041113,0.01476917,-0.1044572,0.17273459,0.79241171,0.033522,0.05512662
group_33_v1_6,A3_LP,0.321682,0.166628,0.0170999,-0.0511511,0.06612235,-0.2883978,-0.8109629,0.02854178
group_33_v1_6,A4_LP,0.45672,-0.045325,0.06303138,-0.0298287,0.1300897,-0.4301786,-0.3896755,0.03422029
group_33_v1_6,A_HN,-0.620583,0.074045,0.09369148,0.01281624,0.19405704,0.30258219,-0.5928923,0.04504645
group_33_v1_6,B_HN,-0.708169,0.136665,0.07707713,-0.0085062,0.22604071,0.60933392,-0.3744324,0.05905318
group_33_v1_6,C_LN,-0.317775,-0.200302,0.04209039,-0.0298287,0.1300897,0.18050049,0.0585251,0.0292086
group_33_v1_6,F_HN,-0.307249,0.225433,0.01376544,-0.1151184,0.18339581,0.13506118,-1.1225474,0.08112828
group_33_v1_6,G_HP,0.366996,0.214939,0.03987349,-0.0404899,0.14075092,0.26042239,-0.4183334,0.03341732
group_33_v1_6,H_HP,0.415312,0.241278,0.03204791,-0.2537144,0.4925713,0.86348789,1.84698961,0.12730198
group_33_v1_6,J_Ne,0.143838,-0.196263,-0.0060366,-0.0511511,0.05546113,0.32377257,-0.283066,0.02283723
group_33_v1_6,K_Ne,0.102923,-0.224742,0.04171711,-0.0404899,0.11942847,-0.0316771,-0.9378579,0.03647791
group_33_v1_6,M_LN,-0.423824,-0.124514,0.11150315,-0.0404899,0.29000805,-0.1530336,-0.6223017,0.06317798
group_33_v1_6,N_LN,-0.491055,-0.085782,0.07330632,-0.0298287,0.16207337,-0.1384743,-0.438688,0.04040953
group_33_v1_6,O_LN,-0.360252,-0.194261,0.05485137,-0.0511511,0.18339581,0.02276918,-0.3673076,0.05107127
group_33_v1_6,P_HP,0.364776,0.237256,0.03892244,-0.0298287,0.25802438,1.96831523,4.42596693,0.05112091
group_33_v1_6,Q_HP,0.433158,0.234822,0.02336113,-0.1364409,0.24736316,0.62929922,0.08224072,0.07647143
group_33_v1_6,U_Ne,0.230478,-0.170443,-0.0171343,-0.0724736,0.0874448,1.25974319,0.96593434,0.03730837
group_33_v1_6,V_Ne,0.15749,-0.182732,0.06793789,0.00791951,0.15141214,0.45485409,-0.3851905,0.02951541
group_33_v1_6,W_HN,-0.594225,0.065036,0.07760942,0.00215501,0.15141214,0.03187694,-0.6063464,0.03297728
group_33_v1_7,A1_LP,0.240659,-0.189402,-0.0553578,-0.1315416,0.01320146,-0.1222113,-0.935563,0.03366148
group_33_v1_7,A2_LP,0.287399,-0.059621,-0.0399851,-0.140588,0.0222479,-0.5066363,-0.3014687,0.03467323
group_33_v1_7,A3_LP,0.204728,0.24164,0.02190009,-0.0682165,0.12175876,-0.0594544,-0.6296828,0.04629953
group_33_v1_7,A4_LP,0.29067,-0.065729,-0.0687682,-0.1767738,0.0222479,0.01902087,-0.2298337,0.03930534
group_33_v1_7,A_HN,-0.394958,0.107379,-0.0527861,-0.1134487,-0.0048914,-0.1463821,-0.6197982,0.02498672
group_33_v1_7,B_HN,-0.4507,0.198188,-0.0800071,-0.1948667,0.05843367,0.5393385,0.528269,0.04706564
group_33_v1_7,C_LN,-0.202242,-0.290473,-0.0726885,-0.1496345,0.01320146,0.41106498,-0.4419503,0.03687732
group_33_v1_7,F_HN,-0.195542,0.326917,-0.0216847,-0.1044023,0.06748011,-0.2632044,-0.1172141,0.03152244
group_33_v1_7,G_HP,0.233567,0.311699,-0.0149981,-0.0953558,0.07652655,0.29551108,0.37778695,0.02957388
group_33_v1_7,H_HP,0.264317,0.349894,-0.049936,-0.1496345,0.01320146,-0.6991953,0.41818425,0.03108039
group_33_v1_7,J_Ne,0.091543,-0.284616,-0.0749832,-0.1496345,-0.0139379,0.0277809,-0.6520231,0.02878359
group_33_v1_7,K_Ne,0.065504,-0.325916,-0.124123,-0.2129596,-0.0682165,-0.7628717,-0.4125488,0.0343147
group_33_v1_7,M_LN,-0.269734,-0.180566,-0.0348067,-0.1504522,0.04938722,-0.3353072,-0.277981,0.04178485
group_33_v1_7,N_LN,-0.312522,-0.124399,-0.0701043,-0.1767738,-0.0048914,-0.5427842,-0.0401531,0.03852089
group_33_v1_7,O_LN,-0.229275,-0.281713,-0.0458744,-0.1315416,0.0222479,-0.1268366,-0.7789342,0.03184133
group_33_v1_7,P_HP,0.232154,0.344062,-0.1111109,-0.2129596,-0.0048914,-0.1300955,-0.2091685,0.04315507
group_33_v1_7,Q_HP,0.275675,0.340533,-0.1490025,-0.222006,-0.0953558,-0.57878,-0.3215898,0.03191082
group_33_v1_7,U_Ne,0.146683,-0.247171,-0.0693675,-0.2310525,0.0222479,-0.8073107,-0.1828898,0.06848473
group_33_v1_7,V_Ne,0.100231,-0.264993,-0.097593,-0.222006,0.0222479,-0.2412491,-1.2500957,0.06986005
group_33_v1_7,W_HN,-0.378183,0.094313,-0.1083259,-0.1858203,-0.0048914,0.12920686,0.59368697,0.03286386
group_33_v1_8,A1_LP,0.210404,-0.181381,-0.0553578,-0.1315416,0.01320146,-0.1222113,-0.935563,0.03366148
group_33_v1_8,A2_LP,0.251268,-0.057097,-0.0399851,-0.140588,0.0222479,-0.5066363,-0.3014687,0.03467323
group_33_v1_8,A3_LP,0.17899,0.231406,0.02190009,-0.0682165,0.12175876,-0.0594544,-0.6296828,0.04629953
group_33_v1_8,A4_LP,0.254128,-0.062945,-0.0687682,-0.1767738,0.0222479,0.01902087,-0.2298337,0.03930534
group_33_v1_8,A_HN,-0.345305,0.102831,-0.0527861,-0.1134487,-0.0048914,-0.1463821,-0.6197982,0.02498672
group_33_v1_8,B_HN,-0.394039,0.189794,-0.0800071,-0.1948667,0.05843367,0.5393385,0.528269,0.04706564
group_33_v1_8,C_LN,-0.176817,-0.278172,-0.0726885,-0.1496345,0.01320146,0.41106498,-0.4419503,0.03687732
group_33_v1_8,F_HN,-0.170959,0.313072,-0.0216847,-0.1044023,0.06748011,-0.2632044,-0.1172141,0.03152244
group_33_v1_8,G_HP,0.204204,0.298498,-0.0149981,-0.0953558,0.07652655,0.29551108,0.37778695,0.02957388
group_33_v1_8,H_HP,0.231088,0.335077,-0.049936,-0.1496345,0.01320146,-0.6991953,0.41818425,0.03108039
group_33_v1_8,J_Ne,0.080034,-0.272563,-0.0749832,-0.1496345,-0.0139379,0.0277809,-0.6520231,0.02878359
group_33_v1_8,K_Ne,0.057269,-0.312113,-0.124123,-0.2129596,-0.0682165,-0.7628717,-0.4125488,0.0343147
group_33_v1_8,M_LN,-0.235824,-0.17292,-0.0348067,-0.1504522,0.04938722,-0.3353072,-0.277981,0.04178485
group_33_v1_8,N_LN,-0.273233,-0.119131,-0.0701043,-0.1767738,-0.0048914,-0.5427842,-0.0401531,0.03852089
group_33_v1_8,O_LN,-0.200452,-0.269782,-0.0458744,-0.1315416,0.0222479,-0.1268366,-0.7789342,0.03184133
group_33_v1_8,P_HP,0.202968,0.329492,-0.1111109,-0.2129596,-0.0048914,-0.1300955,-0.2091685,0.04315507
group_33_v1_8,Q_HP,0.241018,0.326112,-0.1490025,-0.222006,-0.0953558,-0.57878,-0.3215898,0.03191082
group_33_v1_8,U_Ne,0.128242,-0.236704,-0.0693675,-0.2310525,0.0222479,-0.8073107,-0.1828898,0.06848473
group_33_v1_8,V_Ne,0.08763,-0.25377,-0.097593,-0.222006,0.0222479,-0.2412491,-1.2500957,0.06986005
group_33_v1_8,W_HN,-0.330639,0.090319,-0.1083259,-0.1858203,-0.0048914,0.12920686,0.59368697,0.03286386
group_33_v1_9,A1_LP,0.201852,-0.290119,0.05917877,-0.121365,0.19103435,-0.6664835,0.16034752,0.05872475
group_33_v1_9,A2_LP,0.241055,-0.091326,0.04655468,-0.1714544,0.26353209,-0.2250861,-0.8189623,0.10344237
group_33_v1_9,A3_LP,0.171715,0.370134,0.04325635,-0.1093134,0.21174799,-0.0207316,-0.7430992,0.07274694
group_33_v1_9,A4_LP,0.243799,-0.100681,0.00618328,-0.0989566,0.14960707,0.30897027,-0.2005658,0.05394264
group_33_v1_9,A_HN,-0.331269,0.164479,-0.0325724,-0.2646657,0.13925025,-0.3524446,-1.0978749,0.1078697
group_33_v1_9,B_HN,-0.378023,0.303576,0.07224273,-0.078243,0.21174799,0.1911981,-0.68834,0.06566205
group_33_v1_9,C_LN,-0.16963,-0.444936,-0.0196102,-0.1300271,0.11532745,-0.3903634,-0.6175522,0.05125048
group_33_v1_9,F_HN,-0.16401,0.500759,0.02666537,-0.0678862,0.10817979,0.09414079,-0.5938142,0.03742614
group_33_v1_9,G_HP,0.195904,0.477448,0.0134009,-0.1818112,0.29460256,0.59876583,0.9133909,0.08602763
group_33_v1_9,H_HP,0.221695,0.535955,0.03831065,-0.1610975,0.19103435,-0.9039086,-0.2111582,0.08956596
group_33_v1_9,J_Ne,0.076781,-0.435964,0.02582332,-0.192168,0.25317527,-0.1231012,0.19647573,0.08825495
group_33_v1_9,K_Ne,0.054941,-0.499225,0.02748204,-0.1818112,0.13925025,-0.9719007,0.7179811,0.07680359
group_33_v1_9,M_LN,-0.226239,-0.276585,0.03119357,-0.2025248,0.21174799,-0.5360639,-0.621477,0.10433613
group_33_v1_9,N_LN,-0.262127,-0.19055,-0.0071415,-0.2232385,0.17032071,-0.4193791,-0.9401905,0.09644158
group_33_v1_9,O_LN,-0.192304,-0.431517,0.03639063,-0.1403839,0.19103435,-0.4844719,0.1085539,0.06989922
group_33_v1_9,P_HP,0.194718,0.527022,0.00309066,-0.1818112,0.20139117,0.22850718,-0.6309641,0.08829086
group_33_v1_9,Q_HP,0.231221,0.521616,-0.0245359,-0.1714544,0.12889343,0.105575,-1.1019377,0.08257607
group_33_v1_9,U_Ne,0.12303,-0.378608,-0.0649784,-0.1610975,0.04603886,0.12583546,-0.5776339,0.04940628
group_33_v1_9,V_Ne,0.084069,-0.405906,-0.0287136,-0.1403839,0.14960707,0.45424521,-0.7253646,0.06864578
group_33_v1_9,W_HN,-0.317199,0.144465,0.01734073,-0.1714544,0.18067753,-0.3474019,0.82161679,0.06386723
GRP01,A1_LP,0.135733,-0.295718,-0.1103777,-0.2325802,-0.0104324,-0.5788854,-0.0909821,0.05170822
GRP01,A2_LP,0.162094,-0.093089,-0.0949633,-0.1719945,0.00976284,0.29256597,0.10536114,0.04043009
GRP01,A3_LP,0.115467,0.377278,-0.0621359,-0.212385,0.08044623,-0.1431682,-0.427017,0.07191443
GRP01,A4_LP,0.163939,-0.102624,-0.0743586,-0.2022874,0.08044623,0.5248379,-0.7977761,0.07244036
GRP01,A_HN,-0.222758,0.167653,-0.1118212,-0.2527755,0.05015335,0.17857061,-1.6001827,0.10333458
GRP01,B_HN,-0.254197,0.309435,-0.1037294,-0.1921897,-0.0010312,0.13490883,-0.3948754,0.04296843
GRP01,C_LN,-0.114065,-0.453523,-0.0207883,-0.2527755,0.08044623,-1.4528797,1.66076633,0.07911527
GRP01,F_HN,-0.110287,0.510424,-0.009197,-0.0912134,0.07034861,-0.0105664,-0.5392849,0.03745717
GRP01,G_HP,0.131733,0.486663,-0.0886732,-0.2022874,0.02995809,-0.0862692,-1.3096957,0.06865128
GRP01,H_HP,0.149076,0.546299,-0.1053749,-0.4763021,0.02995809,-1.3247677,2.03740938,0.09386149
GRP01,J_Ne,0.05163,-0.444379,-0.0834915,-0.2224826,0.02995809,-0.2572295,-0.8997273,0.06329968
GRP01,K_Ne,0.036944,-0.508861,-0.2012955,-0.5758996,-0.0710182,-2.1840183,3.97799735,0.11410236
GRP01,M_LN,-0.152131,-0.281923,-0.0350473,-0.1921897,0.08044623,-0.4920567,-0.2999459,0.06525966
GRP01,N_LN,-0.176264,-0.194228,-0.0561988,-0.1389115,0.02995809,0.07358064,-0.6555622,0.03756723
GRP01,O_LN,-0.129312,-0.439845,-0.1377752,-0.6263878,0.01986046,-2.0599948,3.50749135,0.14481171
GRP01,P_HP,0.130936,0.537194,-0.0667923,-0.2224826,0.0489927,-0.7504711,-0.3573629,0.07062222
GRP01,Q_HP,0.155482,0.531683,-0.0509302,-0.1820921,0.04005572,-0.7746899,-0.0385033,0.05228867
GRP01,U_Ne,0.08273,-0.385915,-0.0829154,-0.131604,-0.02053,0.28553014,-0.9612925,0.02842214
GRP01,V_Ne,0.056531,-0.41374,-0.0665847,-0.1417016,0.01986046,-0.1699151,-0.7875346,0.04009683
GRP01,W_HN,-0.213297,0.147253,-0.0716059,-0.2022874,0.00976284,-0.9361465,0.43345819,0.04746968
GRP02,A1_LP,0.23974,-0.165036,0.02011345,-0.1245865,0.16390202,-0.1441233,-1.1794415,0.07883031
GRP02,A2_LP,0.286301,-0.051951,0.01820866,-0.164378,0.1738499,-0.1450989,-1.1500408,0.09689708
GRP02,A3_LP,0.203946,0.210554,0.04674994,-0.0861831,0.10421474,-0.7074997,0.16004385,0.03778561
GRP02,A4_LP,0.289559,-0.057273,0.01054137,-0.1245865,0.13405838,0.36495654,0.01076124,0.05370409
GRP02,A_HN,-0.393448,0.093565,0.05696625,-0.0947429,0.16390202,-0.1209859,-1.344298,0.07337877
GRP02,B_HN,-0.448978,0.172692,0.01424923,-0.1245865,0.09426686,-1.1747508,0.8734708,0.05018902
GRP02,C_LN,-0.201469,-0.253105,0.0535064,-0.1046908,0.15395414,-0.5565705,0.22133978,0.05349509
GRP02,F_HN,-0.194795,0.28486,-0.0048184,-0.1345344,0.0999006,-0.439206,0.2136829,0.04882362
GRP02,G_HP,0.232675,0.2716,0.01832229,-0.0947429,0.07437109,-1.1207751,0.62268633,0.03721481
GRP02,H_HP,0.263307,0.304882,0.05907939,-0.0947429,0.11416262,-1.6596282,1.49583926,0.05691316
GRP02,J_Ne,0.091193,-0.248002,-0.0022561,-0.1345344,0.07437109,-0.5237563,-0.2140465,0.0492338
GRP02,K_Ne,0.065253,-0.283988,-0.0745752,-0.1743259,-0.0225463,-0.6993691,-0.5583509,0.04067233
GRP02,M_LN,-0.268703,-0.157337,0.00256155,-0.1444823,0.07437109,-1.5445773,2.45511363,0.04437054
GRP02,N_LN,-0.311328,-0.108396,0.0199285,-0.164378,0.08431898,-1.6706422,1.99431394,0.06099165
GRP02,O_LN,-0.228399,-0.245472,0.0869011,-0.1146386,0.16390202,-1.3770895,0.77057751,0.0663133
GRP02,P_HP,0.231267,0.2998,0.0636246,-0.1146386,0.14400626,-1.0167392,1.51022119,0.04713928
GRP02,Q_HP,0.274621,0.296725,-0.0507274,-0.2041696,0.06442321,-0.2821227,-1.0064298,0.07485924
GRP02,U_Ne,0.146122,-0.215374,-0.023609,-0.1942217,0.06442321,-0.1704681,-1.4292006,0.06816637
GRP02,V_Ne,0.099848,-0.230902,0.01283158,-0.0549514,0.07437109,-0.1650873,-0.4050177,0.03017071
GRP02,W_HN,-0.376738,0.08218,0.03454623,-0.1345344,0.13405838,-0.6986236,0.43401736,0.05722959
GRP03,A1_LP,0.267236,-0.169425,0.09290749,-0.2032575,0.36310168,-0.5212914,0.30508129,0.10745092
GRP03,A2_LP,0.319137,-0.053333,0.044982,-0.1360623,0.33430376,0.33356377,-0.5373696,0.10429339
GRP03,A3_LP,0.227336,0.216153,0.10754333,-0.0688672,0.2575093,0.00512472,-0.7295149,0.07745386
GRP03,A4_LP,0.322769,-0.058796,0.02589212,-0.1648602,0.22871137,0.30143381,-0.6680902,0.08494821
GRP03,A_HN,-0.438574,0.096053,0.05653017,-0.1552609,0.27670791,-0.4193862,-0.3831422,0.09553423
GRP03,B_HN,-0.500471,0.177284,0.09381824,-0.2128568,0.2575093,-0.5801087,-0.6751314,0.10978011
GRP03,C_LN,-0.224576,-0.259836,0.09034255,-0.126463,0.27670791,0.01779238,-0.6401167,0.08740569
GRP03,F_HN,-0.217136,0.292436,0.15223442,-0.0400692,0.30550583,-0.03106,-0.972454,0.07772327
GRP03,G_HP,0.25936,0.278823,0.01830369,-0.2320554,0.2575093,-0.3250212,-0.8642586,0.12221025
GRP03,H_HP,0.293506,0.31299,0.01773631,-0.2608533,0.34390307,0.05918105,-0.1027476,0.12759433
GRP03,J_Ne,0.101652,-0.254597,-0.0217046,-0.251254,0.2575093,0.02845894,-1.3015422,0.14003348
GRP03,K_Ne,0.072737,-0.29154,0.08941367,-0.0688672,0.24790999,0.12598,-1.0062206,0.07363937
GRP03,M_LN,-0.299521,-0.161521,0.02474878,-0.2416547,0.27670791,-0.2442569,0.45091059,0.093418
GRP03,N_LN,-0.347035,-0.111278,0.09336659,-0.1360623,0.2671086,-0.481883,0.32279864,0.07519913
GRP03,O_LN,-0.254595,-0.251999,0.04076058,-0.2800519,0.24790999,-0.6331299,0.55336566,0.1016441
GRP03,P_HP,0.257791,0.307773,0.07934396,-0.1648602,0.37270099,-0.4209692,0.64204945,0.09636073
GRP03,Q_HP,0.306118,0.304616,0.08286483,-0.1840589,0.30550583,-0.4364907,-0.7645822,0.1245236
GRP03,U_Ne,0.162881,-0.221101,0.08804418,-0.0400692,0.22871137,-0.0587257,-0.8304936,0.06115518
GRP03,V_Ne,0.1113,-0.237043,0.08549354,-0.0400692,0.27670791,0.28780405,-0.6327673,0.06729992
GRP03,W_HN,-0.419946,0.084366,0.08735325,-0.0880658,0.24790999,0.13419189,-0.4127976,0.06842879
GRP04,A1_LP,0.276432,-0.168366,0.00016247,-0.1794341,0.16011039,-0.2196168,-0.7969285,0.08993416
GRP04,A2_LP,0.330119,-0.052999,0.07047252,-0.0756844,0.16011039,-0.8329587,-0.1082906,0.05971425
GRP04,A3_LP,0.235159,0.214802,-0.0207132,-0.1134116,0.10351964,0.3736475,-0.8138514,0.05208702
GRP04,A4_LP,0.333876,-0.058429,0.01302697,-0.1322752,0.13181502,-0.3585548,-0.9220445,0.06821801
GRP04,A_HN,-0.453666,0.095452,-0.0282895,-0.3020474,0.2638601,0.45445175,-0.5777232,0.15128891
GRP04,B_HN,-0.517693,0.176175,0.02727204,-0.0851162,0.16011039,0.14444973,-0.7931946,0.05908274
GRP04,C_LN,-0.232304,-0.258211,-0.1123016,-0.3020474,0.05636068,-0.1077833,0.02736325,0.07596208
GRP04,F_HN,-0.224608,0.290607,-0.0870473,-0.3020474,0.10351964,-0.0843977,-1.4411553,0.13150158
GRP04,G_HP,0.268285,0.277079,0.03618547,-0.2643202,0.19783756,-1.1148702,0.34465233,0.11967352
GRP04,H_HP,0.303606,0.311033,0.03079445,-0.094548,0.12238323,-0.2584239,-0.6351068,0.05142092
GRP04,J_Ne,0.10515,-0.253005,-0.0577898,-0.1511387,0.07522427,0.38676663,-0.7873201,0.05770349
GRP04,K_Ne,0.07524,-0.289717,-0.0499545,-0.2831838,0.11295143,-0.4108609,-1.0255419,0.11919557
GRP04,M_LN,-0.309828,-0.160512,-0.035898,-0.2831838,0.20508365,-0.0333524,-0.7394528,0.11770373
GRP04,N_LN,-0.358977,-0.110583,0.02063746,-0.1322752,0.16011039,-0.1502368,-0.9997855,0.07590447
GRP04,O_LN,-0.263356,-0.250424,-0.0563562,-0.320911,0.17897398,0.05922124,-0.5780042,0.12551636
GRP04,P_HP,0.266662,0.305849,-0.0415335,-0.3114792,0.16954218,-0.3327325,-1.3542255,0.14616299
GRP04,Q_HP,0.316652,0.302711,-0.0187157,-0.2077295,0.24499652,0.53299831,-0.9049606,0.13299208
GRP04,U_Ne,0.168486,-0.219719,-0.0276317,-0.1888659,0.12238323,-0.0364347,-0.9994302,0.07750234
GRP04,V_Ne,0.11513,-0.235561,-0.0023049,-0.1417069,0.09408785,-0.8977161,0.5105477,0.05284667
GRP04,W_HN,-0.434397,0.083838,-0.045774,-0.3020474,0.1506786,-0.4491463,-0.6079928,0.1182244
GRP05,A1_LP,0.025197,-0.245171,-0.1346602,-0.2023244,-0.0782415,-0.2823775,-0.4483296,0.02940657
GRP05,A2_LP,0.030091,-0.077177,-0.0158205,-0.149146,0.08129365,-0.7602156,0.64334328,0.04905582
GRP05,A3_LP,0.021435,0.31279,-0.0432764,-0.1225568,0.07243059,0.47268047,-0.1681816,0.03985821
GRP05,A4_LP,0.030433,-0.085082,-0.0527477,-0.1136937,0.01925221,0.38853609,-0.0266562,0.02966649
GRP05,A_HN,-0.041352,0.138996,-0.1417182,-0.6543406,0.02811527,-1.7000751,2.15340826,0.15298067
GRP05,B_HN,-0.047188,0.256543,-0.0697769,-0.1845982,0.08129365,0.06261408,-1.2027482,0.07382336
GRP05,C_LN,-0.021175,-0.376002,-0.0895498,-0.2200505,0.01038915,-0.7438629,0.33770639,0.04740275
GRP05,F_HN,-0.020473,0.423176,-0.0089946,-0.0871045,0.05470446,-0.041254,-0.7152459,0.03176034
GRP05,G_HP,0.024455,0.403477,-0.0931234,-0.2111874,0.05470446,0.23154704,-0.5994967,0.06094208
GRP05,H_HP,0.027674,0.45292,-0.067394,-0.134548,0.00152609,0.10695502,-0.7664986,0.02976596
GRP05,J_Ne,0.009585,-0.36842,-0.1091195,-0.2377766,-0.007337,-0.5523025,0.18178224,0.04854233
GRP05,K_Ne,0.006858,-0.42188,-0.075735,-0.1668721,0.00152609,-0.4323007,0.11950293,0.03609176
GRP05,M_LN,-0.028241,-0.233734,-0.0917306,-0.1845982,0.08129365,1.14485435,1.96699652,0.05100888
GRP05,N_LN,-0.032721,-0.161028,-0.0424376,-0.1136937,0.10788284,1.10701751,1.94267529,0.04054693
GRP05,O_LN,-0.024005,-0.364662,-0.0824109,-0.1845982,0.03697834,-0.0756736,-0.7659311,0.04820495
GRP05,P_HP,0.024307,0.44537,-0.0709457,-0.2289135,0.05470446,-0.4066283,-0.0625149,0.06283738
GRP05,Q_HP,0.028863,0.440802,-0.0090016,-0.1225568,0.07243059,-0.4655121,0.12116357,0.04375079
GRP05,U_Ne,0.015358,-0.31995,-0.0908918,-0.1934613,0.09901978,1.01806744,0.49979949,0.07001328
GRP05,V_Ne,0.010494,-0.343019,-0.0440992,-0.1048307,0.07243059,0.32067376,-0.7334647,0.04000864
GRP05,W_HN,-0.039596,0.122083,-0.0333449,-0.1402829,0.05470446,-0.1111269,-1.0373561,0.05118612
GRP06,A1_LP,0.059222,-0.21233,-0.1792106,-0.3836075,0.08469775,0.08472836,-1.3707792,0.12728227
GRP06,A2_LP,0.070724,-0.066839,-0.1142249,-0.4108013,0.17839742,0.06880451,-1.6774362,0.21339847
GRP06,A3_LP,0.05038,0.270891,0.0181861,-0.1569926,0.19652661,0.00210054,-1.0957386,0.09541376
GRP06,A4_LP,0.071529,-0.073686,-0.063697,-0.2567032,0.12400985,0.16974239,-0.4307561,0.08603892
GRP06,A_HN,-0.097192,0.120377,-0.0635522,-0.2204448,0.16933282,0.66789247,-0.0362384,0.07941913
GRP06,B_HN,-0.11091,0.222179,-0.0454429,-0.283897,0.12400985,-0.7163496,-0.3221814,0.10967082
GRP06,C_LN,-0.049768,-0.325636,-0.0248753,-0.2657678,0.19652661,-0.2649407,-0.878154,0.11095858
GRP06,F_HN,-0.04812,0.366492,-0.0027161,-0.2476386,0.17839742,-0.5894382,-0.9445291,0.11340125
GRP06,G_HP,0.057477,0.349431,-0.014991,-0.1207342,0.06055768,-0.0617865,-0.6145876,0.04266429
GRP06,H_HP,0.065044,0.392251,-0.1209892,-0.3201553,0.0152347,-0.5094081,-1.0409935,0.09435786
GRP06,J_Ne,0.022527,-0.31907,-0.1660038,-0.2929615,-0.0210237,0.2738911,-1.0137107,0.07395348
GRP06,K_Ne,0.016119,-0.365369,-0.1941348,-0.3564137,0.06962227,0.74916746,-0.4533682,0.11627025
GRP06,M_LN,-0.066377,-0.202425,-0.1778451,-0.6011578,0.13307444,-0.0688819,-1.030431,0.18034463
GRP06,N_LN,-0.076906,-0.139458,-0.0658969,-0.238574,0.07868687,-0.0429913,0.21942011,0.06732586
GRP06,O_LN,-0.056421,-0.315815,-0.0673573,-0.3201553,0.12400985,-0.3300238,-0.7875748,0.11906383
GRP06,P_HP,0.057129,0.385713,0.04653147,-0.2929615,0.25997878,-0.9304377,1.26065339,0.10482422
GRP06,Q_HP,0.067839,0.381756,-0.1188401,-0.3473491,0.16026823,0.11184543,-1.5749887,0.17208225
GRP06,U_Ne,0.036096,-0.277093,-0.1085041,-0.3201553,0.08775146,-0.0099534,-0.7952736,0.10786513
GRP06,V_Ne,0.024665,-0.297071,-0.0073556,-0.238574,0.12400985,-1.0780909,1.05778651,0.08010793
GRP06,W_HN,-0.093064,0.10573,-0.0858354,-0.3201553,0.07868687,-0.5542187,-0.7969396,0.1050045
GRP07,A1_LP,0.163689,-0.285806,0.06828726,-0.0946586,0.21613029,-0.0381949,-0.670677,0.06862367
GRP07,A2_LP,0.19548,-0.089968,0.07288384,-7.07E-05,0.1485675,0.17699321,-0.7241262,0.03500714
GRP07,A3_LP,0.139249,0.364632,0.08398364,-0.0175029,0.27018053,0.89799504,1.06924814,0.04906425
GRP07,A4_LP,0.197705,-0.099184,0.10844353,-0.0135832,0.3107182,0.9156586,1.26066331,0.0588169
GRP07,A_HN,-0.268638,0.162033,0.03765224,-0.0270958,0.1485675,0.72554138,0.28715146,0.0358632
GRP07,B_HN,-0.306552,0.299063,0.06175525,-0.0541209,0.17559261,0.25723659,0.12586934,0.04136579
GRP07,C_LN,-0.137558,-0.438321,0.07694715,-0.0676334,0.39179355,2.35699258,8.86302407,0.0563974
GRP07,F_HN,-0.133002,0.493314,0.06590433,-0.081146,0.27018053,0.21613868,-0.2392408,0.07498257
GRP07,G_HP,0.158865,0.47035,0.10285537,-7.07E-05,0.27018053,0.63301615,0.65615591,0.04848206
GRP07,H_HP,0.17978,0.527987,0.07939329,-0.0676334,0.47286891,1.59478101,3.29624595,0.08956625
GRP07,J_Ne,0.062264,-0.429483,0.02667891,-0.0676334,0.17559261,0.17875384,0.48855924,0.04183695
GRP07,K_Ne,0.044553,-0.491803,0.02741125,-0.0541209,0.10802982,-0.1302917,-0.3739244,0.03374856
GRP07,M_LN,-0.183465,-0.272473,0.04931724,-0.0541209,0.12154238,-0.3974623,0.26869753,0.03507669
GRP07,N_LN,-0.212568,-0.187717,0.10577502,-0.0270958,0.45935635,1.63960812,3.18324486,0.08459904
GRP07,O_LN,-0.155946,-0.425101,0.00516916,-0.1081711,0.10802982,-0.2786747,0.30053387,0.03777802
GRP07,P_HP,0.157904,0.519186,0.12705853,-0.0406083,0.47286891,1.07322872,1.61436855,0.09591055
GRP07,Q_HP,0.187505,0.513861,0.03879799,-0.0541209,0.25666797,1.11346745,0.91884686,0.0663415
GRP07,U_Ne,0.099769,-0.372979,0.03643474,-0.0946586,0.1485675,-0.4710701,-0.2288838,0.05191659
GRP07,V_Ne,0.068174,-0.399871,0.11374919,0.02695447,0.33774332,1.56231554,2.67177245,0.05803073
GRP07,W_HN,-0.257228,0.142317,0.08847485,0.01344191,0.25666797,0.58285236,0.19353892,0.04343748
GRP08,A1_LP,0.311744,-0.14173,-0.0176836,-0.1818385,0.26174298,0.92234162,-0.2730702,0.10967307
GRP08,A2_LP,0.37229,-0.044615,0.08715313,-0.1621238,0.37017402,-0.1100048,-1.010176,0.13312189
GRP08,A3_LP,0.2652,0.180819,0.12277704,-0.1325517,0.38003139,-0.3822438,-0.3387027,0.11391432
GRP08,A4_LP,0.376527,-0.049185,-0.0213453,-0.1522664,0.38003139,1.57555481,1.65915718,0.11789376
GRP08,A_HN,-0.511619,0.080352,0.17464454,-0.1325517,0.38988876,-0.9730778,-0.2336034,0.13006422
GRP08,B_HN,-0.583826,0.148304,0.0894001,-0.1325517,0.39974612,0.21968916,-0.6011586,0.12019048
GRP08,C_LN,-0.261979,-0.217362,0.1216456,-0.2705548,0.39974612,-0.0469527,-1.0307965,0.15397108
GRP08,F_HN,-0.253301,0.244633,0.03249383,-0.1522664,0.30117245,0.40836033,-0.8938224,0.12013498
GRP08,G_HP,0.302558,0.233245,0.12820041,-0.1522664,0.40960349,0.10132618,-1.4183346,0.17470476
GRP08,H_HP,0.34239,0.261827,0.17562705,-0.1325517,0.36031665,-0.637325,-1.1235712,0.1482512
GRP08,J_Ne,0.118582,-0.212979,0.06457943,-0.2015533,0.36031665,-0.2066732,-0.6550143,0.12061597
GRP08,K_Ne,0.084852,-0.243883,-0.0278967,-0.2015533,0.33074455,0.97154912,0.18847739,0.12880847
GRP08,M_LN,-0.349407,-0.135118,0.16836734,-0.112837,0.35045929,-0.9953616,-0.1166557,0.11810467
GRP08,N_LN,-0.404834,-0.093088,-0.0062312,-0.1522664,0.35045929,1.29425016,0.82916205,0.10962866
GRP08,O_LN,-0.296998,-0.210806,0.10202339,-0.3395564,0.40960349,-0.4181295,-0.8669525,0.17135603
GRP08,P_HP,0.300727,0.257463,0.25217806,-0.2015533,0.46874769,-1.6939049,2.00013485,0.1602591
GRP08,Q_HP,0.357103,0.254822,0.18033255,-0.069057,0.38988876,-0.4871148,-0.3441093,0.10304568
GRP08,U_Ne,0.19001,-0.184959,0.1041688,-0.2015533,0.34060192,-0.5327766,-0.9315643,0.14735399
GRP08,V_Ne,0.129837,-0.198295,0.10145368,-0.1818385,0.36031665,-0.3416499,-0.8203667,0.14008518
GRP08,W_HN,-0.489889,0.070575,0.05577014,-0.1325517,0.39974612,0.57053268,-0.9452842,0.14314336
GRP09,A1_LP,0.446834,-0.138854,0.07592059,-0.1277201,0.21750961,-0.5788199,-0.3299149,0.08844855
GRP09,A2_LP,0.533615,-0.04371,0.07471219,-0.1135676,0.21750961,-0.2243531,-1.0617772,0.09261428
GRP09,A3_LP,0.38012,0.177151,0.0675711,-0.2417265,0.19614979,-1.6754041,2.24921625,0.09840674
GRP09,A4_LP,0.539689,-0.048187,-0.007079,-0.1456073,0.28158906,0.67801188,0.40536875,0.08450127
GRP09,A_HN,-0.73332,0.078721,0.06472601,-0.2310466,0.2068297,-1.0768581,-0.0904384,0.11919304
GRP09,B_HN,-0.836817,0.145295,0.0826106,-0.177647,0.24954933,-0.5635292,-0.4935463,0.11987101
GRP09,C_LN,-0.375504,-0.212952,0.07714612,-0.3485256,0.19614979,-1.953443,6.68093069,0.08357326
GRP09,F_HN,-0.363064,0.239669,0.06328033,-0.1242475,0.23886942,-0.202319,-1.2714679,0.10354239
GRP09,G_HP,0.433666,0.228513,0.00868908,-0.177647,0.22818951,0.38439725,-0.5375682,0.0947617
GRP09,H_HP,0.490759,0.256515,0.08235904,-0.2524064,0.24954933,-1.2706757,1.10735841,0.10737125
GRP09,J_Ne,0.169968,-0.208658,0.01560214,-0.1990068,0.27090915,-0.1374172,-0.5960266,0.10043457
GRP09,K_Ne,0.121621,-0.238935,0.01872782,-0.1242475,0.16411006,0.00303368,-1.2001782,0.07581997
GRP09,M_LN,-0.500817,-0.132377,0.05425194,-0.1669671,0.22818951,-0.4152577,-1.0567821,0.10243401
GRP09,N_LN,-0.580262,-0.0912,0.06386023,-0.2310466,0.23886942,-0.915218,0.37925599,0.10486787
GRP09,O_LN,-0.425697,-0.206529,0.06217377,-0.1669671,0.21750961,-0.8550786,-0.3203772,0.0917122
GRP09,P_HP,0.431042,0.252239,0.10034903,-0.2203667,0.31362879,-0.6273167,-0.835372,0.15346715
GRP09,Q_HP,0.511847,0.249652,0.08938669,-0.1990068,0.2068297,-1.1763603,0.66581803,0.10759918
GRP09,U_Ne,0.272347,-0.181206,0.0008871,-0.2203667,0.18546988,-0.3060332,-1.3616235,0.12685421
GRP09,V_Ne,0.1861,-0.194271,0.0556616,-0.1562872,0.15343015,-1.2935696,1.11960776,0.07232395
GRP09,W_HN,-0.702174,0.069143,0.065624,-0.1562872,0.21750961,-0.5233301,-0.9941305,0.10229968
GRP10,A1_LP,0.101708,-0.181684,-0.0032562,-0.5221199,0.26912419,-1.1284409,1.6010836,0.16184406
GRP10,A2_LP,0.121461,-0.057192,0.0785767,-0.0834103,0.28479239,0.3767375,-0.8649974,0.09015891
GRP10,A3_LP,0.086522,0.231793,0.04677119,-0.1147467,0.24562189,0.19972043,-1.3050602,0.09495086
GRP10,A4_LP,0.122843,-0.06305,0.01704474,-0.1147467,0.19861729,0.53842491,0.38548017,0.05546725
GRP10,A_HN,-0.166918,0.103003,0.06166897,-0.059908,0.29773293,0.31400879,-0.049319,0.05994624
GRP10,B_HN,-0.190475,0.190111,0.01851207,-0.1460831,0.31612879,0.65903357,-0.667527,0.12057206
GRP10,C_LN,-0.085472,-0.278636,0.07769698,-0.0677421,0.30046059,0.46744772,-0.4408289,0.08073425
GRP10,F_HN,-0.08264,0.313595,0.01840955,-0.1460831,0.14377859,-0.0714241,-0.9817,0.07192875
GRP10,G_HP,0.09871,0.298997,0.00909116,-0.1695854,0.33179699,1.39128692,1.29734797,0.11000907
GRP10,H_HP,0.111706,0.335636,-0.0064277,-0.1225808,0.10460809,-0.1732136,-1.0800075,0.05980277
GRP10,J_Ne,0.038688,-0.273018,0.09669181,-0.1069126,0.30046059,-0.1297999,-0.5899109,0.08130694
GRP10,K_Ne,0.027683,-0.312634,-0.0006079,-0.138249,0.15944679,0.38640432,-0.5073246,0.06733939
GRP10,M_LN,-0.113995,-0.173208,0.01601565,-0.138249,0.24562189,0.45934386,-0.9314362,0.09935959
GRP10,N_LN,-0.132079,-0.11933,0.05385329,-0.0990785,0.28479239,0.39345554,-0.8425011,0.09129537
GRP10,O_LN,-0.096897,-0.270233,0.00628598,-0.1852536,0.22995369,0.309691,-0.5368912,0.09254526
GRP10,P_HP,0.098113,0.330041,0.09168028,-0.0442398,0.30829469,0.40712223,0.20969053,0.06574872
GRP10,Q_HP,0.116506,0.326656,0.06755797,-0.138249,0.26912419,0.20481215,-0.4124183,0.0939691
GRP10,U_Ne,0.061991,-0.237099,-0.0114445,-0.1069126,0.19078319,0.69057575,1.39914279,0.05332433
GRP10,V_Ne,0.04236,-0.254194,-0.0608735,-0.1617513,0.12811039,0.92582285,-0.2588579,0.0695398
GRP10,W_HN,-0.159828,0.09047,-0.0066749,-0.5142858,0.24562189,-1.1892123,0.04156161,0.21423986
GRP11,A1_LP,0.17123,-0.233291,0.00821635,-0.0708897,0.09307097,0.0037318,-0.5747408,0.03869246
GRP11,A2_LP,0.204485,-0.073437,0.03222986,-0.0380975,0.1410924,0.61640913,-0.4161806,0.0413198
GRP11,A3_LP,0.145664,0.297633,0.09313275,-0.0162361,0.20237806,-0.2043412,0.1968888,0.0435652
GRP11,A4_LP,0.206812,-0.08096,0.0080136,-0.0490283,0.08214026,-0.0684706,-0.8772027,0.0292878
GRP11,A_HN,-0.281013,0.132261,0.06004429,-0.0818204,0.13679381,-1.4997934,2.15960146,0.04561409
GRP11,B_HN,-0.320674,0.244112,0.01487322,-0.0818204,0.18051664,0.35755486,-0.8660248,0.06054237
GRP11,C_LN,-0.143895,-0.357782,0.00659485,-0.1583354,0.1258631,-0.5236661,-0.8213987,0.06846748
GRP11,F_HN,-0.139129,0.402671,0.00719989,-0.0818204,0.08214026,-0.4744319,-0.1842892,0.03020289
GRP11,G_HP,0.166183,0.383926,0.00794294,-0.0708897,0.10400168,0.99023278,0.81771936,0.03411472
GRP11,H_HP,0.188062,0.430973,-0.0004433,-0.1364739,0.14772451,0.25247723,-0.4372801,0.05751154
GRP11,J_Ne,0.065133,-0.350568,0.00220731,-0.1255432,0.06027884,-1.1067593,1.38793904,0.03485168
GRP11,K_Ne,0.046606,-0.401437,-0.0343423,-0.1146125,0.04934813,0.11351252,-0.4807403,0.03843967
GRP11,M_LN,-0.191916,-0.222408,-0.0220692,-0.1255432,0.08214026,-0.2186228,-0.8746522,0.05029043
GRP11,N_LN,-0.22236,-0.153225,0.01763153,-0.059959,0.19144735,1.65698136,4.89697732,0.03825795
GRP11,O_LN,-0.16313,-0.346992,-0.0036405,-0.1692661,0.10400168,-0.8370209,-0.1359092,0.06624172
GRP11,P_HP,0.165178,0.423789,0.00446932,-0.1474046,0.11493239,-0.6414221,-0.4407124,0.06272025
GRP11,Q_HP,0.196143,0.419442,-0.0051107,-0.1364739,0.07120955,-1.0037111,0.96056202,0.04083064
GRP11,U_Ne,0.104365,-0.304446,-0.0089156,-0.1036818,0.07120955,-0.2209384,0.16725678,0.03350637
GRP11,V_Ne,0.071315,-0.326397,0.01701987,-0.1146125,0.11493239,-0.7628472,-0.2278885,0.05416768
GRP11,W_HN,-0.269078,0.116167,-0.0100812,-0.2129889,0.10400168,-0.6366834,0.36390645,0.05491753
ITA01,A1_LP,0.146768,-0.243582,-0.032525,-0.1023407,0.00802727,-0.969704,0.52969965,0.02693832
ITA01,A2_LP,0.175273,-0.076677,-0.0520684,-0.1759193,0.022743,-1.0740256,1.61449635,0.04381741
ITA01,A3_LP,0.124855,0.310762,-0.0750523,-0.2053508,0.03010086,0.01012896,-1.3627365,0.07544625
ITA01,A4_LP,0.177268,-0.084531,-0.054079,-0.1538457,-0.0066885,-0.8937451,-0.5142381,0.04005981
ITA01,A_HN,-0.240868,0.138095,-0.011538,-0.0757122,0.07424804,0.85155749,-0.0860931,0.03406389
ITA01,B_HN,-0.274863,0.25488,-0.0941616,-0.2642137,-0.028762,-1.4448957,1.71448265,0.05200414
ITA01,C_LN,-0.123339,-0.373565,-0.0473904,-0.0949828,-0.0066885,-0.0748835,-0.0026325,0.01881913
ITA01,F_HN,-0.119253,0.420434,-0.0469226,-0.13913,0.13199612,1.15240328,5.08060481,0.03376685
ITA01,G_HP,0.142443,0.400862,-0.0311018,-0.190635,0.03010086,-1.3570862,1.08111835,0.04771432
ITA01,H_HP,0.161196,0.449984,-0.0878847,-0.3672238,-0.0066885,-1.2044414,0.19793644,0.09799262
ITA01,J_Ne,0.055828,-0.366032,-0.0410551,-0.0655514,0.00066941,0.54844484,-0.2409244,0.015045
ITA01,K_Ne,0.039948,-0.419146,-0.089867,-0.1317721,0.00066941,1.18035558,0.15836479,0.03902195
ITA01,M_LN,-0.1645,-0.232219,-0.0598973,-0.1170564,-0.0214042,-0.7555165,1.71378656,0.01631015
ITA01,N_LN,-0.190594,-0.159984,-0.0874299,-0.2862873,0.03745872,-0.5130389,-0.9241396,0.08603971
ITA01,O_LN,-0.139826,-0.362298,-0.0207,-0.1023407,0.022743,-0.8918376,0.82178971,0.02558469
ITA01,P_HP,0.141581,0.442484,-0.1024312,-0.2625741,-0.0066885,-0.254418,-0.713967,0.06411393
ITA01,Q_HP,0.168123,0.437945,-0.0609737,-0.13913,-0.0140463,-0.2840469,-0.6869725,0.0309834
ITA01,U_Ne,0.089456,-0.317876,-0.1133594,-0.2184314,-0.0508356,-0.5962912,1.12376344,0.03277974
ITA01,V_Ne,0.061127,-0.340796,-0.0659424,-0.087625,-0.028762,0.42226084,-0.3243643,0.0137826
ITA01,W_HN,-0.230638,0.121292,-0.024808,-0.0729092,0.00802727,-0.4663705,-0.1364196,0.01816782
ITA02,A1_LP,0.19422,-0.202644,-0.0054433,-0.0887516,0.12415687,0.40839043,-0.3708341,0.04442014
ITA02,A2_LP,0.23194,-0.06379,-0.0448005,-0.1398497,0.01344445,-0.9438483,0.07754739,0.03606992
ITA02,A3_LP,0.165222,0.258534,-0.0291372,-0.0291372,-0.0291372,0,0,0
ITA02,A4_LP,0.23458,-0.070324,-0.0291372,-0.0291372,-0.0291372,0,0,0
ITA02,A_HN,-0.318743,0.114886,-0.0769972,-0.148366,0.01344445,0.0030232,0.08158284,0.03091856
ITA02,B_HN,-0.363729,0.212044,-0.0291372,-0.0291372,-0.0291372,0,0,0
ITA02,C_LN,-0.163215,-0.310782,-0.0217545,-0.2931438,0.07305883,-2.164966,6.77761818,0.05289887
ITA02,F_HN,-0.157809,0.349774,-0.0291372,-0.0291372,-0.0291372,0,0,3.47E-18
ITA02,G_HP,0.188496,0.333491,-0.0873478,-0.173915,0.03047713,0.39739814,-0.1135884,0.03510285
ITA02,H_HP,0.213312,0.374358,-0.1049695,-0.199464,-0.0035882,0.00722319,-0.925496,0.04598779
ITA02,J_Ne,0.073878,-0.304515,-0.0352141,-0.1568823,0.08157517,-0.3490422,-0.822005,0.06360556
ITA02,K_Ne,0.052863,-0.348702,-0.1192439,-0.173915,-0.0717189,-0.0921523,-1.0272663,0.02429607
ITA02,M_LN,-0.217684,-0.193191,-0.0291372,-0.0291372,-0.0291372,0,0,3.47E-18
ITA02,N_LN,-0.252215,-0.133097,-0.0036791,-0.1057843,0.06454249,-0.5578941,-0.2711572,0.03776234
ITA02,O_LN,-0.185032,-0.301409,-0.0291372,-0.0291372,-0.0291372,0,0,3.47E-18
ITA02,P_HP,0.187356,0.368118,-0.0291372,-0.0291372,-0.0291372,0,0,3.47E-18
ITA02,Q_HP,0.222478,0.364342,-0.0291372,-0.0291372,-0.0291372,0,0,0
ITA02,U_Ne,0.118378,-0.264452,-0.0291372,-0.0291372,-0.0291372,0,0,0
ITA02,V_Ne,0.08089,-0.28352,-0.0291372,-0.0291372,-0.0291372,0,0,0
ITA02,W_HN,-0.305205,0.100907,-0.0291372,-0.0291372,-0.0291372,0,0,3.47E-18
ITA03,A1_LP,0.03191,-0.217778,-0.0088411,-0.1284626,0.05147829,-1.1687061,1.46848736,0.03588775
ITA03,A2_LP,0.038108,-0.068554,-0.0948681,-0.1570794,-0.0354207,-0.1439882,0.31071941,0.02309764
ITA03,A3_LP,0.027146,0.277842,-0.0085508,-0.1483895,0.06016819,-1.1948026,-0.2007182,0.06199235
ITA03,A4_LP,0.038541,-0.075576,-0.0530802,-0.1657693,0.00802878,-1.2216191,0.42879678,0.04398702
ITA03,A_HN,-0.052369,0.123466,-0.0451257,-0.1136299,0.00802878,-0.2383925,0.33807636,0.02073149
ITA03,B_HN,-0.05976,0.22788,-0.0481925,-0.2005289,0.02338667,-1.0149884,0.65892701,0.05163795
ITA03,C_LN,-0.026816,-0.333992,-0.0039951,-0.0875602,0.05147829,-0.5677705,0.07689531,0.02390647
ITA03,F_HN,-0.025928,0.375896,-0.0654422,-0.1136299,-0.0267308,-0.540753,0.02995478,0.0166806
ITA03,G_HP,0.03097,0.358397,-0.0130453,-0.0788703,0.03409849,-0.7091105,0.2044733,0.02380184
ITA03,H_HP,0.035047,0.402316,-0.0804495,-0.2439784,-0.009351,-2.3790762,6.30750219,0.04011282
ITA03,J_Ne,0.012138,-0.327257,-0.0299056,-0.1051723,0.01671868,-0.927969,0.7477085,0.0257148
ITA03,K_Ne,0.008685,-0.374744,-0.0488426,-0.1483895,-0.009351,-1.8035562,3.30133219,0.02814218
ITA03,M_LN,-0.035765,-0.207619,-0.0037546,-0.1831491,0.0688581,-1.4862565,2.48385761,0.05102921
ITA03,N_LN,-0.041439,-0.143037,0.02439381,-0.0701804,0.077548,-0.7695327,0.96574624,0.02696926
ITA03,O_LN,-0.030401,-0.323919,-0.0003522,-0.2092188,0.0688581,-2.1204803,4.94736499,0.05456284
ITA03,P_HP,0.030782,0.39561,-0.087885,-0.2179087,-0.009351,-0.6059396,0.15558095,0.04258914
ITA03,Q_HP,0.036553,0.391552,-0.0962508,-0.2526683,-0.0180409,-1.1569244,1.25964861,0.04968523
ITA03,U_Ne,0.019449,-0.284203,-0.0314024,-0.1483895,0.03409849,-0.6637937,1.20864034,0.03514187
ITA03,V_Ne,0.01329,-0.304694,-0.0291058,-0.2005289,0.01671868,-2.4537152,6.6709656,0.0406346
ITA03,W_HN,-0.050145,0.108443,-0.0698708,-0.1831491,-0.0354207,-1.4106138,3.67935987,0.0223835
ITA04,A1_LP,0.278179,-0.169803,-0.0352058,-0.2549974,0.08285261,-0.8472824,-0.3054645,0.08270803
ITA04,A2_LP,0.332205,-0.053452,-0.0823736,-0.2376718,0.04820132,-0.3161676,-0.6780233,0.07228913
ITA04,A3_LP,0.236646,0.216636,-0.0593802,-0.2030205,0.05686414,-0.4229658,-0.9430251,0.07393315
ITA04,A4_LP,0.335987,-0.058927,-0.0120462,-0.0913567,0.05686414,0.01182332,-0.6202741,0.03181103
ITA04,A_HN,-0.456533,0.096268,-0.0378726,-0.2376718,0.07418979,-0.9430861,-0.0112364,0.08342865
ITA04,B_HN,-0.520965,0.17768,-0.0258931,-0.1337179,0.07418979,-0.0999734,-0.5373028,0.04320101
ITA04,C_LN,-0.233772,-0.260416,-0.0193114,-0.177032,0.10017825,-0.7475652,0.13303438,0.05884536
ITA04,F_HN,-0.226028,0.293089,-0.0497657,-0.2116833,0.05686414,-0.9966227,0.99589757,0.06149335
ITA04,G_HP,0.269981,0.279445,0.00189897,-0.0904038,0.08285261,0.11988572,-0.6202915,0.03788351
ITA04,H_HP,0.305525,0.313689,-0.0684557,-0.2376718,0.05686414,-0.6506882,-0.0846642,0.06451316
ITA04,J_Ne,0.105814,-0.255165,-0.0952191,-0.1849897,0.00488722,0.15280801,-0.6065414,0.04168567
ITA04,K_Ne,0.075716,-0.292191,-0.1474974,-0.2549974,0.03675247,0.63735603,-0.3925789,0.07039062
ITA04,M_LN,-0.311787,-0.161882,-0.0511424,-0.1683692,0.09151543,-0.2450944,0.17639587,0.04688012
ITA04,N_LN,-0.361245,-0.111527,-0.0415594,-0.1943577,0.04820132,-0.6746826,0.4817904,0.04906365
ITA04,O_LN,-0.26502,-0.252562,-0.114799,-0.6274987,0.0395385,-2.0371165,4.27685914,0.1332921
ITA04,P_HP,0.268348,0.30846,-0.0511636,-0.2463346,0.0395385,-1.474565,1.02237479,0.0729802
ITA04,Q_HP,0.318653,0.305296,-0.0367454,-0.1943577,0.04820132,-1.0516094,0.12697843,0.06096472
ITA04,U_Ne,0.169551,-0.221595,-0.0483593,-0.1510436,0.0395385,-0.0907094,-0.9087582,0.04783761
ITA04,V_Ne,0.115858,-0.237572,-0.0547297,-0.1337179,0.05686414,0.34164713,-1.2283854,0.0543506
ITA04,W_HN,-0.437143,0.084554,-0.09107,-0.2203461,0.00488722,-0.3324476,-0.3308521,0.04943614
ITA05,A1_LP,0.389175,-0.126672,0.05251401,-0.1904721,0.19669343,-0.7322631,-0.2159304,0.09283642
ITA05,A2_LP,0.464758,-0.039875,-0.0258515,-0.1992713,0.16149656,0.00631356,0.01926055,0.0710604
ITA05,A3_LP,0.331069,0.161608,-0.0643877,-0.1728737,0.0735044,0.33305736,-0.7946409,0.06161539
ITA05,A4_LP,0.470048,-0.043959,-0.0049244,-0.1376768,0.10870126,-0.264187,-0.6160928,0.06029396
ITA05,A_HN,-0.638693,0.071815,-0.0208341,-0.1552752,0.21429186,0.80308927,0.00080385,0.08459641
ITA05,B_HN,-0.728835,0.132547,0.03386746,-0.1288776,0.22309108,0.35357793,-1.0889409,0.09060321
ITA05,C_LN,-0.327049,-0.194268,0.05478188,-0.146476,0.24068951,-0.1211275,-0.7405317,0.08973819
ITA05,F_HN,-0.316215,0.218641,-0.0680548,-0.1552752,0.04710675,0.40925475,0.07454695,0.0380655
ITA05,G_HP,0.377706,0.208463,-0.0238978,-0.146476,0.14389813,0.451681,-0.4128291,0.06519367
ITA05,H_HP,0.427432,0.234008,-0.0279195,-0.1552752,0.14389813,0.48079618,0.35273871,0.05939981
ITA05,J_Ne,0.148035,-0.190351,0.00760756,-0.1200784,0.18789421,0.35650189,-0.5868591,0.06690195
ITA05,K_Ne,0.105927,-0.217972,-0.1068766,-0.1816729,0.01190988,0.81011981,-0.1036064,0.04628766
ITA05,M_LN,-0.436192,-0.120762,0.08397585,-0.1288776,0.32868167,-0.0373181,-0.6415676,0.09113978
ITA05,N_LN,-0.505385,-0.083198,-0.0178732,-0.1904721,0.19669343,0.46962154,-0.5585221,0.08458439
ITA05,O_LN,-0.370766,-0.188409,-0.0789854,-0.2080705,0.0735044,0.28777171,0.08242891,0.05482826
ITA05,P_HP,0.375421,0.230108,-0.0104423,-0.1288776,0.179095,1.03029339,1.1326629,0.05463827
ITA05,Q_HP,0.445799,0.227748,-0.0305794,-0.1552752,0.1262997,0.4100248,-0.1615169,0.06056223
ITA05,U_Ne,0.237204,-0.165307,0.00983818,-0.1288776,0.24068951,0.85188741,0.03024996,0.08050114
ITA05,V_Ne,0.162086,-0.177226,0.05852489,-0.0848815,0.20549265,0.07197835,-0.7387791,0.06659428
ITA05,W_HN,-0.611566,0.063076,-0.0382083,-0.146476,0.10870126,0.46468166,0.1079863,0.04734199